-- phpMyAdmin SQL Dump
-- version 4.8.3
-- https://www.phpmyadmin.net/
--
-- Host: 127.0.0.1
-- Generation Time: May 09, 2019 at 01:28 PM
-- Server version: 10.1.36-MariaDB
-- PHP Version: 7.2.10

SET SQL_MODE = "NO_AUTO_VALUE_ON_ZERO";
SET AUTOCOMMIT = 0;
START TRANSACTION;
SET time_zone = "+00:00";


/*!40101 SET @OLD_CHARACTER_SET_CLIENT=@@CHARACTER_SET_CLIENT */;
/*!40101 SET @OLD_CHARACTER_SET_RESULTS=@@CHARACTER_SET_RESULTS */;
/*!40101 SET @OLD_COLLATION_CONNECTION=@@COLLATION_CONNECTION */;
/*!40101 SET NAMES utf8mb4 */;

--
-- Database: `perpustakaan_fp`
--

DELIMITER $$
--
-- Procedures
--
CREATE DEFINER=`root`@`localhost` PROCEDURE `belumKembali` ()  BEGIN
SELECT anggota.nama_anggota, buku.nama_buku, peminjaman.batas_kembali, peminjaman.denda
FROM anggota, peminjaman, buku
WHERE peminjaman.ID_anggota = anggota.ID_anggota AND buku.ID_buku = peminjaman.ID_buku AND peminjaman.tgl_kembali IS NULL
ORDER BY peminjaman.batas_kembali;
END$$

CREATE DEFINER=`root`@`localhost` PROCEDURE `peminjamTerbanyak` ()  BEGIN
    SELECT anggota.nama_anggota, x.totalPinjam
    FROM anggota, (SELECT ID_anggota, COUNT(*) as totalPinjam
                   FROM peminjaman
                   GROUP BY ID_anggota) x
    WHERE x.ID_anggota = anggota.ID_anggota
    ORDER BY x.totalPinjam DESC
    LIMIT 5;
END$$

CREATE DEFINER=`root`@`localhost` PROCEDURE `pinjamHariIni` (IN `today` DATE)  BEGIN
	SELECT * FROM peminjaman WHERE tgl_pinjam = today;
END$$

DELIMITER ;

-- --------------------------------------------------------

--
-- Table structure for table `anggota`
--

CREATE TABLE `anggota` (
  `ID_anggota` int(11) UNSIGNED NOT NULL,
  `nama_anggota` varchar(191) COLLATE utf8mb4_unicode_ci NOT NULL,
  `jenis_kel` varchar(191) COLLATE utf8mb4_unicode_ci NOT NULL,
  `alamat` varchar(191) COLLATE utf8mb4_unicode_ci NOT NULL,
  `no_telp` varchar(191) COLLATE utf8mb4_unicode_ci NOT NULL
) ENGINE=InnoDB DEFAULT CHARSET=utf8mb4 COLLATE=utf8mb4_unicode_ci;

--
-- Dumping data for table `anggota`
--

INSERT INTO `anggota` (`ID_anggota`, `nama_anggota`, `jenis_kel`, `alamat`, `no_telp`) VALUES
(1, 'Andre', 'L', 'Jalan Kunci I No. 22', '081399991111'),
(2, 'Pauline', 'P', 'Jalan Lombok III No. 1', '081292315454'),
(3, 'Vincent', 'L', 'Perumahan Papaya blok O-13', '081214426332'),
(4, 'Patrick', 'L', 'Jalan Pahlawan No 115', '081302854443'),
(5, 'Vanessa', 'P', 'Perumahan Barat Timur XX-19', '081182370999'),
(6, 'Fred', 'L', 'Jalan Mawar IV No 22', '081213572469'),
(7, 'Nick', 'L', 'Jalan Balik VI No 12', '081142516278'),
(8, 'Agus', 'L', 'Jalan Sepatu III no 5', '081728645142'),
(9, 'Bella', 'P', 'Jalan Sepatu III no 10', '081998878676'),
(10, 'Anita', 'P', 'Jalan Mawar IV no 5', '081937645162'),
(11, 'Bagus', 'L', 'Jalan Pasar Besar X no 15', '081996142756'),
(12, 'Bagas', 'L', 'Jalan Tidar IX/20', '081942645867'),
(13, 'Cynthia', 'P', 'Perumahan Semanggi X no 22', '081777656412'),
(14, 'Putri', 'P', 'Jalan Abu Blok J no 30', '081627335456'),
(15, 'Timothy', 'L', 'Jalan Biru Blok H no 3', '081776551234'),
(16, 'Sherly', 'P', 'Jalan Hijau Blok N no 30', '081123345678'),
(17, 'Tony', 'L', 'Jalan Merah M no 10', '085746123223'),
(18, 'Ria', 'P', 'Jalan Merah L no 50', '085192008765'),
(19, 'Tanujaya', 'L', 'Jalan Sepatu XIII no 9', '081765908000'),
(20, 'Mia', 'P', 'Perumahan Semanggi Blok N no 23', '085712223678'),
(21, 'Anna', 'P', 'Jalan Kunci V no 10', '085667516423'),
(22, 'Annie', 'P', 'Jalan Lombok VII no 7', '081998425756'),
(23, 'Atta', 'L', 'Perumahan Semanggi H no 2', '081524444665'),
(24, 'Daniel', 'L', 'Jalan Manyar X no 55', '081999888777'),
(25, 'Michael', 'L', 'Jalan Manyar XI no 10', '081765132645'),
(26, 'Jason', 'L', 'Jalan Gubeng XII no 11', '085998445776'),
(27, 'Karina', 'P', 'Jalan Sepatu Blok B no 59', '085776876523'),
(28, 'Katrina', 'P', 'Jalan Pisang no 50', '081765923845'),
(29, 'Jessica', 'P', 'Jalan Durian Blok D no 30', '081998657423'),
(30, 'Carlos', 'L', 'Jalan Lombok V no 1', '081776887912'),
(31, 'Aldo', 'L', 'Jalan Manyar I no 1', '081998112666'),
(32, 'Andi', 'L', 'Perumahan Kapal V no 5', '086776923657'),
(33, 'Reiner', 'L', 'Perumahan Kapal VI no 7', '081234768534'),
(34, 'Marco', 'L', 'Perumahan Kapal X no 20', '0818349619749'),
(35, 'Tono', 'L', 'Perumahan Semanggi H/12', '081749810293'),
(36, 'Irene', 'P', 'Jalan Gubeng IV no 5', '081749810294'),
(37, 'Elin', 'P', 'Jalan Manyar II no 15', '081546737848'),
(38, 'Fani', 'P', 'Jalan Sepatu XV no 15', '085729749019'),
(39, 'Devina', 'P', 'Jalan Mawar Blok J no 29', '081628947029'),
(40, 'Lita', 'P', 'Jalan Karangasem blok L no 5', '081996748019'),
(41, 'Lina', 'P', 'Jalan Karangasem VI no 20', '081997526748'),
(42, 'Linda', 'P', 'Jalan Merah I no 5', '0816275476628'),
(43, 'Hans', 'L', 'Jalan Biru III no 3', '081728547839'),
(44, 'Fikri', 'L', 'Jalan Abu X no 56', '081933628810'),
(45, 'Kevin', 'L', 'Jalan Hijau IV no 23', '081998748657'),
(46, 'Devin', 'L', 'Jalan Manyar XV no 15', '085729649829'),
(47, 'Kenny', 'L', 'Jalan Padang I no 5', '081657829839'),
(48, 'Denny', 'L', 'Jalan Biru III no 19', '081974749112'),
(49, 'Emily', 'P', 'Jalan Manyar X no 55', '081938412092'),
(50, 'Vania', 'P', 'Jalan Mulyosari Blok Q no 35', '081938412091');

-- --------------------------------------------------------

--
-- Table structure for table `buku`
--

CREATE TABLE `buku` (
  `ID_buku` int(11) UNSIGNED NOT NULL,
  `ID_kategori` int(11) UNSIGNED NOT NULL,
  `nama_buku` varchar(191) COLLATE utf8mb4_unicode_ci NOT NULL,
  `penulis` varchar(191) COLLATE utf8mb4_unicode_ci NOT NULL,
  `penerbit` varchar(191) COLLATE utf8mb4_unicode_ci NOT NULL,
  `tahun_terbit` int(11) NOT NULL,
  `stock` int(11) NOT NULL
) ENGINE=InnoDB DEFAULT CHARSET=utf8mb4 COLLATE=utf8mb4_unicode_ci;

--
-- Dumping data for table `buku`
--

INSERT INTO `buku` (`ID_buku`, `ID_kategori`, `nama_buku`, `penulis`, `penerbit`, `tahun_terbit`, `stock`) VALUES
(1, 1, 'Ways of Seeing ', 'John Berger', 'Penguin', 1990, 0),
(2, 1, 'The Story of Art', 'E.H. Gombrich', 'Phaidon Press', 1995, 0),
(3, 1, 'The New Drawing on the Right Side of the Brain', 'Betty Edwards', 'Tarcher', 1999, 0),
(4, 1, 'Steal Like an Artist: 10 Things Nobody Told You About Being Creative', 'Austin Kleon', 'Workman Publishing Company', 2012, 0),
(5, 1, 'Wall and Piece', 'Banksy', 'Century', 2006, 0),
(6, 2, 'Cosmos', 'Carl Sagan', 'Random House', 2002, 0),
(7, 2, 'A Brief History of Time', 'Stephen Hawking', 'Bantam Books', 1998, 0),
(8, 2, 'Death by Black Hole: And Other Cosmic Quandaries', 'Neil deGrasse Tyson', 'W. W. Norton Company', 2014, 0),
(9, 2, 'Astrophysics for People in a Hurry', 'Neil deGrasse Tyson', 'W. W. Norton Company', 2017, 0),
(10, 2, 'Pale Blue Dot: A Vision of the Human Future in Space', 'Carl Sagan, Ann Druyan', 'Ballantine Books', 1997, 0),
(11, 3, 'Steve Jobs', 'Walter Isaacson', 'Simon & Schuster', 2011, 0),
(12, 3, 'The Diary of a Young Girl', 'Anne Frank', 'Bantam', 1993, 0),
(13, 3, 'Unbroken: A World War II Story of Survival, Resilience and Redemption', 'Laura Hillenbrand', 'Random House', 2010, 0),
(14, 3, 'John Adams', 'David McCullough', 'Simon & Schuster Paperbacks', 2001, 0),
(15, 3, 'Bossypants', 'Tina Fey', 'Reagan Arthur Books ', 2011, 0),
(16, 4, 'The Lean Startup: How Today\'s Entrepreneurs Use Continuous Innovation to Create Radically Successful Businesses', 'Eric Ries', 'Currency', 2011, 0),
(17, 4, 'Zero to One: Notes on Startups, or How to Build the Future', 'Peter Thiel, Blake Masters', 'Crown Business', 2014, 0),
(18, 4, 'The Tipping Point: How Little Things Can Make a Big Difference', 'Malcolm Gladwell', 'Back Bay Books', 2002, 0),
(19, 4, 'How to Win Friends and Influence People', 'Dale Carnegie', 'Gallery Books', 1998, 0),
(20, 4, 'Rework', 'Jason Fried,David Heinemeier Hansson\r\n', 'Crown Business ', 2010, 0),
(21, 5, 'Pride and Prejudice', 'Jane Austen,Anna Quindlen', 'Modern Library', 2000, 0),
(22, 5, 'To Kill a Mockingbird', 'Harper Lee\r\n', 'Harper Perennial Modern Classics ', 2006, 0),
(23, 5, 'The Great Gatsby', 'F. Scott Fitzgerald', 'Scribner', 2004, 0),
(24, 5, 'Jane Eyre', 'Charlotte Brontë,Michael Mason', 'Peguin', 2003, 0),
(25, 5, '1984', 'George Orwell', 'Houghton Mifflin Harcourt', 2013, 0),
(26, 8, 'Memoirs of a Geisha', 'Arthur Golden', 'Vintage Books USA ', 2005, 0),
(27, 8, 'The Kite Runner', 'Khaled Hosseini', 'Riverhead Books', 2004, 0),
(28, 8, 'The Absolutely True Diary of a Part-Time Indian', 'Sherman Alexie', 'Little, Brown Books for Young Readers', 2007, 0),
(29, 8, 'Esperanza Rising', 'Pam Muñoz Ryan', 'Scholastic, Inc.', 2002, 0),
(30, 8, 'Amusing Ourselves to Death: Public Discourse in the Age of Show Business ', 'Neil Postman', 'Penguin Books', 2005, 0),
(31, 6, 'Watchmen', 'Alan Moore', 'DC Comics', 2005, 0),
(32, 6, 'Saga, Vol. 1', 'Brian K. Vaughan', 'Image Comics', 2012, 0),
(33, 6, 'Batman: The Killing Joke ', 'Alan Moore', 'DC Comics', 1995, 0),
(34, 6, 'V for Vendetta ', 'Alan Moore', 'Vertigo', 2005, 0),
(35, 6, 'Preludes & Nocturnes', 'Neil Gaiman', 'Vertigo', 1998, 0),
(36, 7, 'The Girl with the Dragon Tattoo ', 'Stieg Larsson', 'Knopf', 2008, 0),
(37, 7, 'The Girl Who Played with Fire ', 'Stieg Larsson', 'Alfred A. Knopf', 2009, 0),
(38, 7, 'Gone Girl', 'Gillian Flynn', 'Broadway Books ', 2014, 0),
(39, 7, 'The Girl Who Kicked the Hornet\'s Nest ', 'Stieg Larsson', 'Knopf', 2010, 0),
(40, 7, 'The Girl on the Train', 'Paula Hawkins', 'Riverhead Books', 2015, 0),
(41, 9, 'The Undercover Economist', 'Tim Harford', 'Oxford University Press, USA', 2005, 0),
(42, 9, 'Capitalism and Freedom', 'Milton Friedman', 'University of Chicago Press', 2002, 0),
(43, 9, 'Predictably Irrational: The Hidden Forces That Shape Our Decisions', 'Dan Ariely', 'HarperCollins Canada', 2008, 0),
(44, 9, 'The Ascent of Money: A Financial History of the World', 'Niall Ferguson', 'Penguin Press', 2008, 0),
(45, 9, 'Debt: The First 5,000 Years', 'David Graeber', 'Melville House Publishing', 2011, 0),
(46, 10, 'The Hobbit', 'J. R. R. Tolkien', 'Houghton Mifflin Harcourt', 2012, 0),
(47, 10, 'The Hunger Games', 'Suzanne Collins', 'Scholastic Press', 2008, 0),
(48, 10, 'Sherwood', 'Meagan Spooner', 'HarperTeen', 2019, 0),
(49, 10, 'The Kite Runner', 'Khaled Hosseini', 'Riverhead Books', 2004, 0),
(50, 10, 'Harry Potter and the Sorcerer\'s Stone', 'J.K. Rowling, Mary GrandPré', 'Scholastic Inc', 1997, 0),
(51, 11, 'The Devil in the White City: Murder, Magic, and Madness at the Fair That Changed America', 'Erik Larson', 'Random House Audio Publishing Group', 2003, 0),
(52, 11, 'A People\'s History of the United States', 'Howard Zinn', 'Harper Perennial', 2005, 0),
(53, 11, 'Team of Rivals: The Political Genius of Abraham Lincoln', 'Doris Kearns Goodwin', 'Simon & Schuster', 2006, 0),
(54, 11, '1491: New Revelations of the Americas Before Columbus', 'Charles C. Mann', 'Vintage', 2006, 0),
(55, 11, 'The Rise and Fall of the Third Reich: A History of Nazi Germany', 'William L. Shirer', 'Simon & Schuster', 1990, 0),
(56, 13, 'Sissy: A Coming-Of-Gender Story', 'Jacob Tobia', 'G.P. Putnam\'s Sons', 2019, 0),
(57, 13, 'It\'s Not Hansel and Gretel', 'Josh Funk', 'Two Lions', 2019, 0),
(58, 13, 'The Book Hog', 'Greg Pizzoli', 'Disney-Hyperion', 2019, 0),
(59, 13, 'Catwad', 'Jim Benton', 'Scholastic Inc.', 2019, 0),
(60, 13, 'Gone Camping: A Novel in Verse', 'Tamera Will Wissinger', 'HMH Books for Young Readers', 2017, 0),
(61, 12, 'The Stand (Complete and Uncut)', 'Stephen King', 'Doubleday Books', 1990, 0),
(62, 12, 'It', 'Stephen King', 'New English Library', 1987, 0),
(63, 12, 'The Shining', 'Stephen King', 'New English Library (Hodder & Stoughton)', 1980, 0),
(64, 12, 'Dracula', 'Bram Stoker', 'Norton', 1986, 0),
(65, 12, 'World War Z: An Oral History of the Zombie War', 'Max Brooks', 'Crown', 2006, 0),
(66, 14, 'The Old Drift', 'Namwali Serpell', 'Hogarth', 2019, 0),
(67, 14, 'Spring', 'Ali Smith', 'Hamish Hamilton\r\n', 2019, 0),
(68, 14, 'Sing to It: New Stories', 'Amy Hempel', 'Scribner', 2019, 0),
(69, 14, 'Jas van belofte', 'Jan Siebelink', 'CPNB ', 2019, 0),
(70, 14, 'Bangkok Wakes to Rain', 'Pitchaya Sudbanthad', 'Riverhead Books\r\n', 2019, 0),
(71, 15, 'Musicophilia: Tales of Music and the Brain', 'Oliver Sacks', 'Knopf Canada', 2007, 0),
(72, 15, 'This Is Your Brain on Music: The Science of a Human Obsession ', 'Daniel J. Levitin\r\n', 'Dutton Adult', 2006, 0),
(73, 15, 'Sounds Like Titanic', 'Jessica Chiccehitto Hindman', 'W. W. Norton Company', 2019, 0),
(74, 15, 'How Music Works', 'David Byrne', 'McSweeney\'s', 2012, 0),
(75, 15, 'Love Is a Mix Tape', 'Rob Sheffield', 'Crown Publishing Group (NY) ', 2007, 0),
(76, 16, 'The Da Vinci Code', 'Dan Brown', 'Anchor', 2006, 0),
(77, 16, 'The Cuckoo\'s Calling', 'Robert Galbraith (Pseudonym), J.K. Rowling\r\n', 'Mulholland Books / Little, Brown and Company', 2013, 0),
(78, 16, 'In the Woods', 'Tana French', 'Penguin Books', 2008, 0),
(79, 16, 'Angels & Demons', 'Dan Brown', 'Pocket Books', 2006, 0),
(80, 16, 'A Study in Scarlet', 'Arthur Conan Doyle', 'Digireads.com', 2005, 0),
(81, 17, 'The Art of War', 'Sun Tzu,Thomas Cleary', 'Shambhala', 2005, 0),
(82, 17, 'Tao Te Ching', 'Lao Tzu,Gia-Fu Feng', 'Vintage', 1989, 0),
(83, 17, 'The Republic', 'Plato,Desmond Lee', 'Penguin Classics', 2003, 0),
(84, 17, 'Meditations', 'Marcus Aurelius,Martin Hammond', 'Penguin Books', 2006, 0),
(85, 17, 'Thus Spoke Zarathustra', ' Friedrich Nietzsche,\r\nWalter Kaufmann', 'Penguin Books', 1978, 0),
(86, 18, 'Blink: The Power of Thinking Without Thinking', 'Malcolm Gladwell', 'Back Bay Books', 2007, 0),
(87, 18, 'The Power of Habit: Why We Do What We Do in Life and Business', 'Charles Duhigg', 'Random House ', 2012, 0),
(88, 18, 'How to Win Friends and Influence People', 'Dale Carnegie', 'Gallery Books', 1998, 0),
(89, 18, 'Mindset: The New Psychology of Success ', 'Carol S. Dweck', 'Random House', 2006, 0),
(90, 18, 'Thinking, Fast and Slow', 'Daniel Kahneman', 'Farrar, Straus and Giroux', 2011, 0),
(91, 19, 'The God Delusion', 'Richard Dawkins', 'Houghton Mifflin Co. (Boston/NY) ', 2006, 0),
(92, 19, 'Mere Christianity', 'C.S. Lewis', 'Touchstone Books', 1996, 0),
(93, 19, 'The Screwtape Letters', 'C.S. Lewis', 'HarperOne', 2013, 0),
(94, 19, 'Zealot: The Life and Times of Jesus of Nazareth', 'Reza Aslan', 'Random House (NY)', 2013, 0),
(95, 19, 'Siddhartha', 'Hermann Hesse,Hilda Rosner', 'Bantam Books', 1981, 0),
(96, 20, 'Digital Minimalism: Choosing a Focused Life in a Noisy World', 'Cal Newport', 'Portfolio', 2019, 0),
(97, 20, 'The Radium Girls: The Dark Story of America\'s Shining Women', 'Kate Moore', 'Sourcebooks', 2017, 0),
(98, 20, 'Seven Brief Lessons on Physics', 'Carlo Rovelli,Simon Carnell', 'Riverhead Books', 2016, 0),
(99, 20, 'Machines Like Me', 'Ian McEwan', 'Jonathan Cape ', 2019, 0),
(100, 20, 'The Naturalist', 'Andrew Mayne', 'Thomas & Mercer', 2017, 0),
(101, 21, 'The 7 Habits of Highly Effective People: Powerful Lessons in Personal Change', 'Stephen R. Covey,Jim Collins', 'Free Press', 2004, 0),
(102, 21, 'The Subtle Art of Not Giving a F*ck: A Counterintuitive Approach to Living a Good Life', 'Mark Manson', 'Harper', 2016, 0),
(103, 21, 'The Life-Changing Magic of Tidying Up: The Japanese Art of Decluttering and Organizing ', 'Marie Kond', 'Ten Speed Press', 2014, 0),
(104, 21, 'You Are a Badass: How to Stop Doubting Your Greatness and Start Living an Awesome Life ', 'Jen Sincero', 'Running Press Adult\r\n', 2013, 0),
(105, 21, 'The Power of Now: A Guide to Spiritual Enlightenment ', 'Eckhart Tolle', 'New World Library', 2004, 0),
(106, 22, 'The Crossover', 'Kwame Alexander', 'Houghton Mifflin', 2014, 0),
(107, 22, 'Shoe Dog: A Memoir by the Creator of NIKE ', 'Phil Knight', 'Scribner', 2016, 0),
(108, 22, 'Moneyball: The Art of Winning an Unfair Game', 'Michael Lewis', 'W. W. Norton Company', 2004, 0),
(109, 22, 'Inverting the Pyramid: The History of Football Tactics', 'Jonathan Wilson', 'Orion', 2008, 0),
(110, 22, 'The Blind Side: Evolution of a Game', 'Michael Lewis', 'W. W. Norton Company', 2007, 0);

-- --------------------------------------------------------

--
-- Table structure for table `kategori`
--

CREATE TABLE `kategori` (
  `ID_kategori` int(11) UNSIGNED NOT NULL,
  `nama_kategori` varchar(191) COLLATE utf8mb4_unicode_ci NOT NULL
) ENGINE=InnoDB DEFAULT CHARSET=utf8mb4 COLLATE=utf8mb4_unicode_ci;

--
-- Dumping data for table `kategori`
--

INSERT INTO `kategori` (`ID_kategori`, `nama_kategori`) VALUES
(1, 'Art'),
(2, 'Astronomy'),
(3, 'Biography'),
(4, 'Bussiness'),
(5, 'Classics'),
(6, 'Comics'),
(7, 'Crime'),
(8, 'Cultural'),
(9, 'Economics'),
(10, 'Fiction'),
(11, 'History'),
(12, 'Horror'),
(13, 'Humor'),
(14, 'Literature'),
(15, 'Music'),
(16, 'Mystery'),
(17, 'Philosophy'),
(18, 'Psychology'),
(19, 'Religion'),
(20, 'Science'),
(21, 'Self Help'),
(22, 'Sports');

-- --------------------------------------------------------

--
-- Table structure for table `migrations`
--

CREATE TABLE `migrations` (
  `id` int(10) UNSIGNED NOT NULL,
  `migration` varchar(191) COLLATE utf8mb4_unicode_ci NOT NULL,
  `batch` int(11) NOT NULL
) ENGINE=InnoDB DEFAULT CHARSET=utf8mb4 COLLATE=utf8mb4_unicode_ci;

--
-- Dumping data for table `migrations`
--

INSERT INTO `migrations` (`id`, `migration`, `batch`) VALUES
(1, '2014_10_12_000000_create_users_table', 1),
(2, '2014_10_12_100000_create_password_resets_table', 1),
(3, '2019_05_09_094713_create_anggotas_table', 1),
(4, '2019_05_09_100029_create_bukus_table', 2),
(5, '2019_05_09_100052_create_kategoris_table', 2),
(7, '2019_05_09_101158_create_peminjamans_table', 2),
(8, '2019_05_09_100136_create_pustakawans_table', 3);

-- --------------------------------------------------------

--
-- Table structure for table `password_resets`
--

CREATE TABLE `password_resets` (
  `email` varchar(191) COLLATE utf8mb4_unicode_ci NOT NULL,
  `token` varchar(191) COLLATE utf8mb4_unicode_ci NOT NULL,
  `created_at` timestamp NULL DEFAULT NULL
) ENGINE=InnoDB DEFAULT CHARSET=utf8mb4 COLLATE=utf8mb4_unicode_ci;

-- --------------------------------------------------------

--
-- Table structure for table `peminjaman`
--

CREATE TABLE `peminjaman` (
  `ID_pinjam` int(10) UNSIGNED NOT NULL,
  `ID_buku` int(11) UNSIGNED NOT NULL,
  `ID_anggota` int(11) UNSIGNED NOT NULL,
  `ID_staff` int(11) UNSIGNED NOT NULL,
  `tgl_pinjam` date NOT NULL,
  `batas_kembali` date NOT NULL,
  `tgl_kembali` date NOT NULL,
  `denda` int(11) NOT NULL
) ENGINE=InnoDB DEFAULT CHARSET=utf8mb4 COLLATE=utf8mb4_unicode_ci;

--
-- Dumping data for table `peminjaman`
--

INSERT INTO `peminjaman` (`ID_pinjam`, `ID_buku`, `ID_anggota`, `ID_staff`, `tgl_pinjam`, `batas_kembali`, `tgl_kembali`, `denda`) VALUES
(1, 110, 19, 11, '2019-04-05', '2019-04-13', '2019-04-13', 0),
(2, 28, 46, 16, '2019-04-02', '2019-04-12', '2019-04-10', 0),
(3, 91, 12, 7, '2019-04-03', '2019-04-12', '2019-04-09', 0),
(4, 90, 2, 10, '2019-04-01', '2019-04-12', '2019-04-09', 0),
(5, 72, 17, 17, '2019-04-04', '2019-04-11', '2019-04-12', 0),
(6, 90, 3, 3, '2019-04-06', '2019-04-11', '2019-04-13', 0),
(7, 38, 17, 4, '2019-04-01', '2019-04-13', '2019-04-11', 0),
(8, 103, 28, 5, '2019-04-03', '2019-04-12', '2019-04-08', 0),
(9, 21, 2, 6, '2019-04-05', '2019-04-13', '2019-04-11', 0),
(10, 39, 13, 5, '2019-04-03', '2019-04-09', '2019-04-10', 0),
(11, 16, 15, 13, '2019-04-01', '2019-04-12', '2019-04-11', 0),
(12, 102, 11, 13, '2019-04-05', '2019-04-08', '2019-04-09', 0),
(13, 110, 31, 13, '2019-04-02', '2019-04-09', '2019-04-11', 0),
(14, 51, 24, 19, '2019-04-06', '2019-04-09', '2019-04-09', 0),
(15, 62, 45, 4, '2019-04-03', '2019-04-12', '2019-04-09', 0),
(16, 58, 19, 19, '2019-04-04', '2019-04-12', '2019-04-12', 0),
(17, 43, 35, 7, '2019-04-01', '2019-04-13', '2019-04-11', 0),
(18, 56, 38, 10, '2019-04-06', '2019-04-13', '2019-04-08', 0),
(19, 92, 49, 15, '2019-04-06', '2019-04-09', '2019-04-11', 0),
(20, 93, 50, 7, '2019-04-03', '2019-04-09', '2019-04-12', 0),
(21, 77, 18, 6, '2019-04-03', '2019-04-08', '2019-04-08', 0),
(22, 76, 41, 17, '2019-04-03', '2019-04-11', '2019-04-09', 0),
(23, 55, 20, 10, '2019-04-02', '2019-04-11', '2019-04-08', 0),
(24, 76, 13, 11, '2019-04-05', '2019-04-13', '2019-04-13', 0),
(25, 104, 33, 12, '2019-04-05', '2019-04-10', '2019-04-11', 0),
(26, 3, 40, 6, '2019-04-02', '2019-04-13', '2019-04-13', 0),
(27, 81, 23, 7, '2019-04-01', '2019-04-10', '2019-04-10', 0),
(28, 97, 14, 2, '2019-04-05', '2019-04-10', '2019-04-10', 0),
(29, 63, 34, 13, '2019-04-02', '2019-04-13', '2019-04-08', 0),
(30, 48, 16, 11, '2019-04-05', '2019-04-08', '2019-04-12', 0),
(31, 33, 6, 12, '2019-04-02', '2019-04-12', '2019-04-12', 0),
(32, 84, 30, 12, '2019-04-06', '2019-04-10', '2019-04-12', 0),
(33, 101, 46, 12, '2019-04-05', '2019-04-09', '2019-04-09', 0),
(34, 61, 1, 19, '2019-04-01', '2019-04-10', '2019-04-09', 0),
(35, 83, 28, 10, '2019-04-01', '2019-04-11', '2019-04-11', 0),
(36, 74, 20, 19, '2019-04-04', '2019-04-11', '2019-04-12', 0),
(37, 45, 8, 9, '2019-04-03', '2019-04-08', '2019-04-13', 0),
(38, 8, 37, 10, '2019-04-05', '2019-04-10', '2019-04-08', 0),
(39, 42, 33, 14, '2019-04-06', '2019-04-08', '2019-04-08', 0),
(40, 10, 6, 3, '2019-04-02', '2019-04-11', '2019-04-10', 0),
(41, 99, 37, 9, '2019-04-03', '2019-04-12', '2019-04-08', 0),
(42, 48, 35, 6, '2019-04-06', '2019-04-13', '2019-04-13', 0),
(43, 74, 26, 19, '2019-04-02', '2019-04-10', '2019-04-11', 0),
(44, 92, 23, 6, '2019-04-04', '2019-04-11', '2019-04-08', 0),
(45, 24, 33, 1, '2019-04-04', '2019-04-13', '2019-04-11', 0),
(46, 15, 29, 9, '2019-04-02', '2019-04-13', '2019-04-11', 0),
(47, 12, 5, 5, '2019-04-03', '2019-04-12', '2019-04-13', 0),
(48, 81, 2, 13, '2019-04-04', '2019-04-10', '2019-04-12', 0),
(49, 77, 30, 10, '2019-04-06', '2019-04-13', '2019-04-13', 0),
(50, 70, 17, 9, '2019-04-05', '2019-04-09', '2019-04-12', 0),
(51, 52, 12, 3, '2019-04-06', '2019-04-10', '2019-04-13', 0),
(52, 88, 40, 18, '2019-04-03', '2019-04-13', '2019-04-11', 0),
(53, 74, 29, 19, '2019-04-02', '2019-04-12', '2019-04-13', 0),
(54, 62, 37, 15, '2019-04-05', '2019-04-12', '2019-04-11', 0),
(55, 80, 20, 17, '2019-04-01', '2019-04-11', '2019-04-09', 0),
(56, 2, 24, 16, '2019-04-03', '2019-04-08', '2019-04-11', 0),
(57, 97, 2, 5, '2019-04-06', '2019-04-10', '2019-04-13', 0),
(58, 16, 45, 4, '2019-04-02', '2019-04-09', '2019-04-10', 0),
(59, 27, 31, 1, '2019-04-04', '2019-04-13', '2019-04-11', 0),
(60, 85, 26, 17, '2019-04-03', '2019-04-09', '2019-04-10', 0),
(61, 104, 39, 9, '2019-04-06', '2019-04-11', '2019-04-09', 0),
(62, 84, 40, 3, '2019-04-05', '2019-04-13', '2019-04-13', 0),
(63, 61, 43, 5, '2019-04-01', '2019-04-10', '2019-04-09', 0),
(64, 17, 15, 13, '2019-04-06', '2019-04-10', '2019-04-09', 0),
(65, 34, 12, 4, '2019-04-03', '2019-04-08', '2019-04-12', 0),
(66, 65, 7, 3, '2019-04-03', '2019-04-12', '2019-04-08', 0),
(67, 40, 43, 8, '2019-04-06', '2019-04-10', '2019-04-09', 0),
(68, 74, 19, 16, '2019-04-06', '2019-04-11', '2019-04-11', 0),
(69, 67, 49, 6, '2019-04-06', '2019-04-10', '2019-04-11', 0),
(70, 14, 30, 5, '2019-04-06', '2019-04-10', '2019-04-11', 0),
(71, 109, 3, 20, '2019-04-05', '2019-04-10', '2019-04-09', 0),
(72, 89, 30, 14, '2019-04-03', '2019-04-13', '2019-04-09', 0),
(73, 24, 12, 8, '2019-04-04', '2019-04-09', '2019-04-09', 0),
(74, 99, 37, 3, '2019-04-02', '2019-04-10', '2019-04-12', 0),
(75, 95, 15, 20, '2019-04-06', '2019-04-10', '2019-04-10', 0),
(76, 43, 32, 2, '2019-04-03', '2019-04-08', '2019-04-10', 0),
(77, 100, 11, 3, '2019-04-03', '2019-04-08', '2019-04-10', 0),
(78, 65, 31, 18, '2019-04-03', '2019-04-09', '2019-04-08', 0),
(79, 32, 37, 20, '2019-04-01', '2019-04-11', '2019-04-10', 0),
(80, 70, 18, 14, '2019-04-05', '2019-04-08', '2019-04-09', 0),
(81, 68, 34, 18, '2019-04-06', '2019-04-09', '2019-04-09', 0),
(82, 23, 25, 5, '2019-04-05', '2019-04-13', '2019-04-13', 0),
(83, 71, 18, 5, '2019-04-03', '2019-04-08', '2019-04-08', 0),
(84, 53, 23, 1, '2019-04-02', '2019-04-12', '2019-04-08', 0),
(85, 23, 15, 20, '2019-04-04', '2019-04-13', '2019-04-09', 0),
(86, 109, 23, 18, '2019-04-06', '2019-04-09', '2019-04-10', 0),
(87, 64, 10, 4, '2019-04-04', '2019-04-12', '2019-04-12', 0),
(88, 90, 2, 3, '2019-04-04', '2019-04-11', '2019-04-13', 0),
(89, 97, 16, 15, '2019-04-02', '2019-04-11', '2019-04-09', 0),
(90, 9, 38, 8, '2019-04-03', '2019-04-08', '2019-04-13', 0),
(91, 83, 19, 11, '2019-04-01', '2019-04-10', '2019-04-10', 0),
(92, 23, 49, 5, '2019-04-01', '2019-04-13', '2019-04-09', 0),
(93, 55, 27, 3, '2019-04-01', '2019-04-12', '2019-04-08', 0),
(94, 10, 6, 5, '2019-04-04', '2019-04-10', '2019-04-08', 0),
(95, 73, 37, 10, '2019-04-05', '2019-04-10', '2019-04-12', 0),
(96, 72, 13, 16, '2019-04-03', '2019-04-13', '2019-04-12', 0),
(97, 100, 46, 10, '2019-04-01', '2019-04-13', '2019-04-11', 0),
(98, 74, 22, 5, '2019-04-05', '2019-04-09', '2019-04-13', 0),
(99, 44, 5, 10, '2019-04-02', '2019-04-08', '2019-04-09', 0),
(100, 75, 12, 4, '2019-04-05', '2019-04-10', '2019-04-13', 0),
(101, 13, 9, 2, '2019-04-03', '2019-04-09', '2019-04-08', 0),
(102, 93, 20, 5, '2019-04-05', '2019-04-10', '2019-04-12', 0),
(103, 53, 38, 8, '2019-04-03', '2019-04-13', '2019-04-10', 0),
(104, 85, 49, 8, '2019-04-01', '2019-04-12', '2019-04-13', 0),
(105, 43, 45, 18, '2019-04-01', '2019-04-10', '2019-04-12', 0),
(106, 74, 7, 15, '2019-04-01', '2019-04-09', '2019-04-09', 0),
(107, 87, 39, 8, '2019-04-06', '2019-04-13', '2019-04-13', 0),
(108, 1, 40, 1, '2019-04-05', '2019-04-11', '2019-04-11', 0),
(109, 39, 15, 18, '2019-04-06', '2019-04-10', '2019-04-09', 0),
(110, 84, 39, 18, '2019-04-05', '2019-04-10', '2019-04-09', 0),
(111, 77, 24, 11, '2019-04-01', '2019-04-12', '2019-04-13', 0),
(112, 84, 18, 12, '2019-04-01', '2019-04-11', '2019-04-11', 0),
(113, 33, 5, 12, '2019-04-02', '2019-04-11', '2019-04-08', 0),
(114, 108, 34, 18, '2019-04-03', '2019-04-12', '2019-04-08', 0),
(115, 90, 28, 9, '2019-04-02', '2019-04-11', '2019-04-09', 0),
(116, 24, 39, 19, '2019-04-01', '2019-04-08', '2019-04-09', 0),
(117, 97, 13, 7, '2019-04-02', '2019-04-08', '2019-04-08', 0),
(118, 53, 33, 15, '2019-04-05', '2019-04-10', '2019-04-08', 0),
(119, 21, 39, 16, '2019-04-02', '2019-04-10', '2019-04-11', 0),
(120, 40, 8, 1, '2019-04-03', '2019-04-08', '2019-04-13', 0),
(121, 61, 21, 8, '2019-04-04', '2019-04-12', '2019-04-08', 0),
(122, 26, 26, 15, '2019-04-04', '2019-04-11', '2019-04-12', 0),
(123, 99, 28, 9, '2019-04-05', '2019-04-09', '2019-04-10', 0),
(124, 104, 45, 10, '2019-04-04', '2019-04-08', '2019-04-11', 0),
(125, 5, 28, 17, '2019-04-03', '2019-04-11', '2019-04-10', 0),
(126, 3, 6, 11, '2019-04-06', '2019-04-12', '2019-04-11', 0),
(127, 93, 10, 5, '2019-04-04', '2019-04-12', '2019-04-12', 0),
(128, 74, 32, 19, '2019-04-05', '2019-04-09', '2019-04-09', 0),
(129, 63, 9, 6, '2019-04-02', '2019-04-11', '2019-04-09', 0),
(130, 1, 29, 11, '2019-04-04', '2019-04-10', '2019-04-10', 0),
(131, 86, 22, 14, '2019-04-06', '2019-04-08', '2019-04-09', 0),
(132, 18, 33, 8, '2019-04-03', '2019-04-13', '2019-04-10', 0),
(133, 71, 7, 19, '2019-04-04', '2019-04-10', '2019-04-09', 0),
(134, 71, 42, 6, '2019-04-05', '2019-04-09', '2019-04-13', 0),
(135, 91, 16, 1, '2019-04-06', '2019-04-08', '2019-04-08', 0),
(136, 67, 16, 17, '2019-04-01', '2019-04-12', '2019-04-11', 0),
(137, 101, 5, 14, '2019-04-05', '2019-04-12', '2019-04-13', 0),
(138, 53, 2, 11, '2019-04-01', '2019-04-10', '2019-04-11', 0),
(139, 5, 20, 3, '2019-04-04', '2019-04-12', '2019-04-08', 0),
(140, 36, 29, 9, '2019-04-05', '2019-04-09', '2019-04-09', 0),
(141, 42, 16, 1, '2019-04-02', '2019-04-10', '2019-04-11', 0),
(142, 106, 17, 1, '2019-04-03', '2019-04-11', '2019-04-11', 0),
(143, 63, 6, 7, '2019-04-02', '2019-04-12', '2019-04-09', 0),
(144, 40, 22, 15, '2019-04-02', '2019-04-10', '2019-04-10', 0),
(145, 35, 37, 2, '2019-04-01', '2019-04-13', '2019-04-10', 0),
(146, 85, 7, 4, '2019-04-01', '2019-04-11', '2019-04-11', 0),
(147, 58, 36, 17, '2019-04-03', '2019-04-11', '2019-04-12', 0),
(148, 47, 49, 2, '2019-04-05', '2019-04-10', '2019-04-13', 0),
(149, 57, 2, 9, '2019-04-05', '2019-04-10', '2019-04-08', 0),
(150, 86, 27, 20, '2019-04-06', '2019-04-10', '2019-04-08', 0),
(151, 57, 33, 6, '2019-04-01', '2019-04-12', '2019-04-12', 0),
(152, 30, 18, 8, '2019-04-03', '2019-04-08', '2019-04-10', 0),
(153, 98, 19, 20, '2019-04-06', '2019-04-10', '2019-04-11', 0),
(154, 52, 6, 13, '2019-04-04', '2019-04-11', '2019-04-11', 0),
(155, 87, 29, 4, '2019-04-04', '2019-04-12', '2019-04-09', 0),
(156, 96, 38, 5, '2019-04-06', '2019-04-13', '2019-04-09', 0),
(157, 70, 29, 8, '2019-04-05', '2019-04-13', '2019-04-13', 0),
(158, 40, 6, 18, '2019-04-06', '2019-04-09', '2019-04-08', 0),
(159, 47, 32, 1, '2019-04-04', '2019-04-08', '2019-04-12', 0),
(160, 109, 1, 9, '2019-04-06', '2019-04-13', '2019-04-08', 0),
(161, 92, 22, 7, '2019-04-05', '2019-04-13', '2019-04-12', 0),
(162, 102, 45, 4, '2019-04-03', '2019-04-13', '2019-04-12', 0),
(163, 94, 33, 16, '2019-04-06', '2019-04-09', '2019-04-12', 0),
(164, 14, 41, 1, '2019-04-04', '2019-04-09', '2019-04-13', 0),
(165, 92, 40, 16, '2019-04-05', '2019-04-13', '2019-04-11', 0),
(166, 71, 31, 6, '2019-04-02', '2019-04-09', '2019-04-10', 0),
(167, 63, 13, 19, '2019-04-05', '2019-04-09', '2019-04-12', 0),
(168, 24, 20, 20, '2019-04-04', '2019-04-12', '2019-04-08', 0),
(169, 23, 47, 7, '2019-04-06', '2019-04-13', '2019-04-10', 0),
(170, 17, 21, 20, '2019-04-01', '2019-04-09', '2019-04-12', 0),
(171, 101, 29, 15, '2019-04-05', '2019-04-08', '2019-04-08', 0),
(172, 109, 8, 7, '2019-04-01', '2019-04-11', '2019-04-13', 0),
(173, 25, 8, 1, '2019-04-04', '2019-04-11', '2019-04-11', 0),
(174, 4, 44, 5, '2019-04-03', '2019-04-12', '2019-04-11', 0),
(175, 10, 11, 6, '2019-04-05', '2019-04-11', '2019-04-10', 0),
(176, 36, 42, 1, '2019-04-01', '2019-04-09', '2019-04-13', 0),
(177, 65, 28, 9, '2019-04-03', '2019-04-08', '2019-04-12', 0),
(178, 48, 40, 14, '2019-04-01', '2019-04-13', '2019-04-13', 0),
(179, 6, 33, 12, '2019-04-01', '2019-04-13', '2019-04-12', 0),
(180, 4, 32, 9, '2019-04-02', '2019-04-12', '2019-04-10', 0),
(181, 24, 47, 15, '2019-04-05', '2019-04-09', '2019-04-09', 0),
(182, 31, 39, 19, '2019-04-03', '2019-04-13', '2019-04-13', 0),
(183, 107, 1, 19, '2019-04-03', '2019-04-12', '2019-04-09', 0),
(184, 11, 10, 16, '2019-04-04', '2019-04-08', '2019-04-10', 0),
(185, 62, 5, 14, '2019-04-02', '2019-04-12', '2019-04-11', 0),
(186, 110, 8, 16, '2019-04-03', '2019-04-11', '2019-04-13', 0),
(187, 11, 6, 2, '2019-04-01', '2019-04-11', '2019-04-13', 0),
(188, 71, 10, 11, '2019-04-02', '2019-04-09', '2019-04-10', 0),
(189, 18, 33, 1, '2019-04-05', '2019-04-10', '2019-04-09', 0),
(190, 90, 37, 2, '2019-04-05', '2019-04-12', '2019-04-12', 0),
(191, 89, 1, 3, '2019-04-06', '2019-04-12', '2019-04-10', 0),
(192, 99, 48, 5, '2019-04-03', '2019-04-12', '2019-04-10', 0),
(193, 31, 7, 14, '2019-04-06', '2019-04-09', '2019-04-10', 0),
(194, 100, 49, 20, '2019-04-05', '2019-04-08', '2019-04-08', 0),
(195, 74, 16, 3, '2019-04-01', '2019-04-10', '2019-04-12', 0),
(196, 14, 6, 15, '2019-04-03', '2019-04-12', '2019-04-11', 0),
(197, 100, 46, 13, '2019-04-03', '2019-04-13', '2019-04-08', 0),
(198, 94, 33, 15, '2019-04-02', '2019-04-08', '2019-04-10', 0),
(199, 103, 38, 9, '2019-04-01', '2019-04-11', '2019-04-09', 0),
(200, 96, 8, 11, '2019-04-03', '2019-04-08', '2019-04-09', 0),
(201, 40, 27, 9, '2019-04-05', '2019-04-08', '2019-04-13', 0),
(202, 6, 41, 17, '2019-04-03', '2019-04-12', '2019-04-12', 0),
(203, 64, 20, 10, '2019-04-04', '2019-04-13', '2019-04-09', 0),
(204, 63, 28, 7, '2019-04-03', '2019-04-09', '2019-04-09', 0),
(205, 67, 7, 8, '2019-04-06', '2019-04-10', '2019-04-13', 0),
(206, 71, 42, 13, '2019-04-06', '2019-04-10', '2019-04-11', 0),
(207, 96, 33, 19, '2019-04-06', '2019-04-12', '2019-04-13', 0),
(208, 21, 44, 3, '2019-04-03', '2019-04-12', '2019-04-09', 0),
(209, 37, 18, 3, '2019-04-03', '2019-04-10', '2019-04-10', 0),
(210, 83, 42, 16, '2019-04-02', '2019-04-13', '2019-04-11', 0),
(211, 97, 42, 12, '2019-04-04', '2019-04-09', '2019-04-08', 0),
(212, 87, 3, 12, '2019-04-04', '2019-04-11', '2019-04-10', 0),
(213, 7, 42, 16, '2019-04-05', '2019-04-11', '2019-04-08', 0),
(214, 9, 35, 8, '2019-04-01', '2019-04-13', '2019-04-09', 0),
(215, 29, 40, 8, '2019-04-03', '2019-04-11', '2019-04-13', 0),
(216, 7, 36, 7, '2019-04-03', '2019-04-11', '2019-04-12', 0),
(217, 67, 13, 6, '2019-04-04', '2019-04-13', '2019-04-11', 0),
(218, 72, 32, 9, '2019-04-02', '2019-04-11', '2019-04-09', 0),
(219, 100, 47, 14, '2019-04-02', '2019-04-09', '2019-04-10', 0),
(220, 21, 4, 6, '2019-04-02', '2019-04-11', '2019-04-09', 0),
(221, 20, 17, 14, '2019-04-06', '2019-04-12', '2019-04-13', 0),
(222, 4, 29, 19, '2019-04-01', '2019-04-11', '2019-04-08', 0),
(223, 17, 16, 3, '2019-04-06', '2019-04-12', '2019-04-09', 0),
(224, 108, 50, 17, '2019-04-01', '2019-04-12', '2019-04-13', 0),
(225, 48, 46, 4, '2019-04-02', '2019-04-10', '2019-04-13', 0),
(226, 70, 3, 9, '2019-04-05', '2019-04-09', '2019-04-12', 0),
(227, 13, 40, 14, '2019-04-01', '2019-04-11', '2019-04-09', 0),
(228, 65, 47, 19, '2019-04-03', '2019-04-10', '2019-04-08', 0),
(229, 12, 27, 18, '2019-04-02', '2019-04-10', '2019-04-10', 0),
(230, 47, 2, 17, '2019-04-06', '2019-04-11', '2019-04-10', 0),
(231, 15, 22, 15, '2019-04-06', '2019-04-11', '2019-04-08', 0),
(232, 70, 42, 7, '2019-04-05', '2019-04-12', '2019-04-09', 0),
(233, 98, 12, 6, '2019-04-06', '2019-04-08', '2019-04-11', 0),
(234, 30, 42, 20, '2019-04-03', '2019-04-08', '2019-04-11', 0),
(235, 68, 46, 12, '2019-04-04', '2019-04-12', '2019-04-10', 0),
(236, 50, 10, 16, '2019-04-02', '2019-04-13', '2019-04-10', 0),
(237, 35, 47, 16, '2019-04-04', '2019-04-09', '2019-04-11', 0),
(238, 85, 5, 12, '2019-04-02', '2019-04-08', '2019-04-13', 0),
(239, 107, 14, 10, '2019-04-03', '2019-04-08', '2019-04-12', 0),
(240, 32, 49, 7, '2019-04-01', '2019-04-09', '2019-04-09', 0),
(241, 37, 33, 3, '2019-04-06', '2019-04-10', '2019-04-13', 0),
(242, 39, 44, 19, '2019-04-06', '2019-04-09', '2019-04-08', 0),
(243, 64, 49, 20, '2019-04-02', '2019-04-13', '2019-04-09', 0),
(244, 28, 33, 9, '2019-04-04', '2019-04-13', '2019-04-13', 0),
(245, 60, 36, 1, '2019-04-06', '2019-04-13', '2019-04-09', 0),
(246, 52, 6, 15, '2019-04-04', '2019-04-12', '2019-04-09', 0),
(247, 44, 9, 13, '2019-04-01', '2019-04-09', '2019-04-08', 0),
(248, 61, 4, 16, '2019-04-06', '2019-04-12', '2019-04-13', 0),
(249, 106, 25, 17, '2019-04-06', '2019-04-13', '2019-04-12', 0),
(250, 94, 49, 12, '2019-04-04', '2019-04-13', '2019-04-08', 0),
(251, 67, 10, 20, '2019-04-01', '2019-04-12', '2019-04-09', 0),
(252, 31, 46, 11, '2019-04-02', '2019-04-11', '2019-04-12', 0),
(253, 5, 41, 17, '2019-04-04', '2019-04-11', '2019-04-10', 0),
(254, 104, 25, 17, '2019-04-03', '2019-04-09', '2019-04-10', 0),
(255, 37, 11, 15, '2019-04-05', '2019-04-10', '2019-04-09', 0),
(256, 52, 9, 2, '2019-04-01', '2019-04-10', '2019-04-13', 0),
(257, 48, 6, 18, '2019-04-01', '2019-04-13', '2019-04-13', 0),
(258, 37, 11, 5, '2019-04-02', '2019-04-09', '2019-04-10', 0),
(259, 22, 34, 2, '2019-04-03', '2019-04-13', '2019-04-10', 0),
(260, 76, 43, 6, '2019-04-06', '2019-04-13', '2019-04-11', 0),
(261, 70, 44, 1, '2019-04-03', '2019-04-09', '2019-04-13', 0),
(262, 33, 9, 17, '2019-04-06', '2019-04-08', '2019-04-09', 0),
(263, 4, 2, 1, '2019-04-04', '2019-04-13', '2019-04-13', 0),
(264, 24, 33, 11, '2019-04-03', '2019-04-09', '2019-04-11', 0),
(265, 85, 36, 2, '2019-04-04', '2019-04-11', '2019-04-11', 0),
(266, 68, 20, 2, '2019-04-04', '2019-04-08', '2019-04-12', 0),
(267, 93, 11, 11, '2019-04-03', '2019-04-09', '2019-04-11', 0),
(268, 29, 32, 8, '2019-04-01', '2019-04-12', '2019-04-11', 0),
(269, 99, 23, 2, '2019-04-06', '2019-04-12', '2019-04-08', 0),
(270, 60, 29, 15, '2019-04-04', '2019-04-08', '2019-04-09', 0),
(271, 80, 25, 18, '2019-04-01', '2019-04-11', '2019-04-11', 0),
(272, 32, 40, 18, '2019-04-01', '2019-04-09', '2019-04-09', 0),
(273, 110, 7, 20, '2019-04-05', '2019-04-13', '2019-04-08', 0),
(274, 65, 42, 5, '2019-04-06', '2019-04-08', '2019-04-13', 0),
(275, 14, 38, 18, '2019-04-02', '2019-04-08', '2019-04-11', 0),
(276, 22, 47, 10, '2019-04-06', '2019-04-08', '2019-04-09', 0),
(277, 85, 41, 17, '2019-04-02', '2019-04-11', '2019-04-08', 0),
(278, 93, 19, 15, '2019-04-03', '2019-04-11', '2019-04-09', 0),
(279, 73, 38, 18, '2019-04-06', '2019-04-11', '2019-04-12', 0),
(280, 100, 44, 1, '2019-04-03', '2019-04-12', '2019-04-12', 0),
(281, 30, 30, 10, '2019-04-03', '2019-04-08', '2019-04-11', 0),
(282, 38, 42, 20, '2019-04-01', '2019-04-10', '2019-04-12', 0),
(283, 10, 34, 14, '2019-04-01', '2019-04-13', '2019-04-12', 0),
(284, 40, 13, 15, '2019-04-04', '2019-04-10', '2019-04-11', 0),
(285, 1, 19, 7, '2019-04-04', '2019-04-12', '2019-04-13', 0),
(286, 8, 31, 20, '2019-04-05', '2019-04-13', '2019-04-10', 0),
(287, 76, 36, 20, '2019-04-05', '2019-04-09', '2019-04-11', 0),
(288, 66, 14, 13, '2019-04-04', '2019-04-09', '2019-04-08', 0),
(289, 87, 40, 18, '2019-04-05', '2019-04-09', '2019-04-09', 0),
(290, 13, 15, 14, '2019-04-03', '2019-04-12', '2019-04-12', 0),
(291, 13, 48, 13, '2019-04-05', '2019-04-09', '2019-04-12', 0),
(292, 44, 14, 16, '2019-04-01', '2019-04-13', '2019-04-12', 0),
(293, 7, 47, 5, '2019-04-04', '2019-04-10', '2019-04-09', 0),
(294, 84, 46, 15, '2019-04-04', '2019-04-11', '2019-04-12', 0),
(295, 91, 14, 11, '2019-04-03', '2019-04-09', '2019-04-12', 0),
(296, 90, 30, 4, '2019-04-05', '2019-04-09', '2019-04-11', 0),
(297, 35, 13, 16, '2019-04-06', '2019-04-08', '2019-04-08', 0),
(298, 80, 15, 20, '2019-04-06', '2019-04-08', '2019-04-13', 0),
(299, 55, 7, 13, '2019-04-01', '2019-04-11', '2019-04-11', 0),
(300, 14, 26, 15, '2019-04-06', '2019-04-13', '2019-04-12', 0),
(301, 108, 12, 5, '2019-04-01', '2019-04-08', '2019-04-13', 0),
(302, 91, 27, 4, '2019-04-06', '2019-04-09', '2019-04-13', 0),
(303, 19, 31, 20, '2019-04-02', '2019-04-09', '2019-04-10', 0),
(304, 99, 20, 1, '2019-04-02', '2019-04-13', '2019-04-08', 0),
(305, 64, 43, 10, '2019-04-03', '2019-04-12', '2019-04-11', 0),
(306, 75, 29, 7, '2019-04-02', '2019-04-13', '2019-04-13', 0),
(307, 62, 7, 9, '2019-04-03', '2019-04-12', '2019-04-13', 0),
(308, 4, 34, 9, '2019-04-04', '2019-04-12', '2019-04-09', 0),
(309, 73, 21, 10, '2019-04-03', '2019-04-13', '2019-04-10', 0),
(310, 57, 24, 19, '2019-04-06', '2019-04-12', '2019-04-10', 0),
(311, 7, 21, 10, '2019-04-01', '2019-04-08', '2019-04-08', 0),
(312, 63, 35, 14, '2019-04-01', '2019-04-10', '2019-04-09', 0),
(313, 37, 22, 17, '2019-04-06', '2019-04-13', '2019-04-08', 0),
(314, 42, 2, 18, '2019-04-02', '2019-04-11', '2019-04-10', 0),
(315, 28, 2, 12, '2019-04-05', '2019-04-10', '2019-04-11', 0),
(316, 105, 42, 6, '2019-04-06', '2019-04-11', '2019-04-11', 0),
(317, 64, 46, 20, '2019-04-02', '2019-04-13', '2019-04-11', 0),
(318, 109, 31, 20, '2019-04-04', '2019-04-13', '2019-04-11', 0),
(319, 1, 19, 12, '2019-04-03', '2019-04-11', '2019-04-11', 0),
(320, 100, 34, 12, '2019-04-06', '2019-04-11', '2019-04-12', 0),
(321, 90, 24, 4, '2019-04-06', '2019-04-09', '2019-04-12', 0),
(322, 95, 22, 18, '2019-04-01', '2019-04-12', '2019-04-09', 0),
(323, 63, 25, 16, '2019-04-04', '2019-04-12', '2019-04-08', 0),
(324, 43, 32, 17, '2019-04-04', '2019-04-09', '2019-04-08', 0),
(325, 84, 42, 4, '2019-04-05', '2019-04-12', '2019-04-08', 0),
(326, 63, 6, 1, '2019-04-05', '2019-04-10', '2019-04-10', 0),
(327, 93, 14, 18, '2019-04-01', '2019-04-10', '2019-04-08', 0),
(328, 26, 30, 5, '2019-04-05', '2019-04-08', '2019-04-13', 0),
(329, 105, 48, 19, '2019-04-05', '2019-04-13', '2019-04-10', 0),
(330, 56, 23, 14, '2019-04-04', '2019-04-12', '2019-04-11', 0),
(331, 14, 9, 16, '2019-04-06', '2019-04-11', '2019-04-08', 0),
(332, 94, 23, 19, '2019-04-03', '2019-04-12', '2019-04-08', 0),
(333, 55, 47, 15, '2019-04-02', '2019-04-08', '2019-04-13', 0),
(334, 10, 33, 11, '2019-04-01', '2019-04-09', '2019-04-12', 0),
(335, 19, 40, 11, '2019-04-03', '2019-04-11', '2019-04-11', 0),
(336, 63, 34, 8, '2019-04-02', '2019-04-08', '2019-04-11', 0),
(337, 101, 45, 1, '2019-04-02', '2019-04-10', '2019-04-11', 0),
(338, 23, 39, 3, '2019-04-04', '2019-04-11', '2019-04-12', 0),
(339, 88, 16, 1, '2019-04-03', '2019-04-11', '2019-04-13', 0),
(340, 46, 49, 20, '2019-04-02', '2019-04-09', '2019-04-11', 0),
(341, 60, 3, 3, '2019-04-04', '2019-04-10', '2019-04-10', 0),
(342, 91, 13, 18, '2019-04-01', '2019-04-10', '2019-04-10', 0),
(343, 50, 48, 17, '2019-04-02', '2019-04-13', '2019-04-12', 0),
(344, 81, 41, 12, '2019-04-04', '2019-04-12', '2019-04-10', 0),
(345, 55, 2, 15, '2019-04-06', '2019-04-13', '2019-04-11', 0),
(346, 3, 19, 12, '2019-04-01', '2019-04-13', '2019-04-13', 0),
(347, 57, 50, 17, '2019-04-01', '2019-04-13', '2019-04-12', 0),
(348, 83, 48, 11, '2019-04-03', '2019-04-13', '2019-04-12', 0),
(349, 61, 16, 2, '2019-04-06', '2019-04-08', '2019-04-12', 0),
(350, 64, 39, 18, '2019-04-05', '2019-04-13', '2019-04-12', 0),
(351, 63, 34, 14, '2019-04-03', '2019-04-12', '2019-04-13', 0),
(352, 28, 46, 5, '2019-04-01', '2019-04-10', '2019-04-08', 0),
(353, 61, 36, 1, '2019-04-02', '2019-04-12', '2019-04-13', 0),
(354, 96, 47, 17, '2019-04-05', '2019-04-11', '2019-04-08', 0),
(355, 13, 3, 16, '2019-04-06', '2019-04-11', '2019-04-11', 0),
(356, 23, 21, 1, '2019-04-01', '2019-04-08', '2019-04-10', 0),
(357, 36, 26, 16, '2019-04-02', '2019-04-10', '2019-04-08', 0),
(358, 104, 10, 5, '2019-04-02', '2019-04-13', '2019-04-08', 0),
(359, 30, 26, 14, '2019-04-01', '2019-04-10', '2019-04-12', 0),
(360, 68, 48, 7, '2019-04-03', '2019-04-13', '2019-04-12', 0),
(361, 39, 23, 13, '2019-04-03', '2019-04-09', '2019-04-11', 0),
(362, 11, 21, 1, '2019-04-06', '2019-04-10', '2019-04-12', 0),
(363, 92, 32, 19, '2019-04-01', '2019-04-08', '2019-04-08', 0),
(364, 24, 16, 13, '2019-04-06', '2019-04-08', '2019-04-13', 0),
(365, 46, 22, 1, '2019-04-06', '2019-04-08', '2019-04-13', 0),
(366, 51, 28, 20, '2019-04-02', '2019-04-08', '2019-04-12', 0),
(367, 92, 12, 5, '2019-04-06', '2019-04-08', '2019-04-11', 0),
(368, 84, 41, 18, '2019-04-05', '2019-04-13', '2019-04-09', 0),
(369, 62, 5, 18, '2019-04-04', '2019-04-10', '2019-04-08', 0),
(370, 110, 1, 11, '2019-04-05', '2019-04-10', '2019-04-12', 0),
(371, 47, 11, 9, '2019-04-05', '2019-04-13', '2019-04-10', 0),
(372, 102, 24, 19, '2019-04-06', '2019-04-13', '2019-04-08', 0),
(373, 35, 15, 17, '2019-04-02', '2019-04-12', '2019-04-13', 0),
(374, 24, 5, 15, '2019-04-05', '2019-04-11', '2019-04-09', 0),
(375, 19, 18, 14, '2019-04-03', '2019-04-11', '2019-04-11', 0),
(376, 89, 30, 16, '2019-04-05', '2019-04-10', '2019-04-09', 0),
(377, 100, 31, 18, '2019-04-05', '2019-04-11', '2019-04-12', 0),
(378, 61, 35, 2, '2019-04-03', '2019-04-13', '2019-04-11', 0),
(379, 86, 23, 17, '2019-04-02', '2019-04-11', '2019-04-11', 0),
(380, 76, 16, 12, '2019-04-03', '2019-04-11', '2019-04-09', 0),
(381, 107, 35, 9, '2019-04-04', '2019-04-08', '2019-04-11', 0),
(382, 71, 36, 3, '2019-04-04', '2019-04-12', '2019-04-13', 0),
(383, 52, 19, 7, '2019-04-06', '2019-04-08', '2019-04-10', 0),
(384, 11, 50, 4, '2019-04-06', '2019-04-09', '2019-04-13', 0),
(385, 62, 30, 17, '2019-04-02', '2019-04-08', '2019-04-12', 0),
(386, 37, 49, 12, '2019-04-01', '2019-04-08', '2019-04-12', 0),
(387, 49, 14, 1, '2019-04-01', '2019-04-12', '2019-04-12', 0),
(388, 56, 38, 4, '2019-04-02', '2019-04-08', '2019-04-12', 0),
(389, 107, 5, 10, '2019-04-03', '2019-04-11', '2019-04-10', 0),
(390, 65, 10, 9, '2019-04-06', '2019-04-10', '2019-04-13', 0),
(391, 107, 39, 2, '2019-04-02', '2019-04-11', '2019-04-10', 0),
(392, 52, 39, 3, '2019-04-05', '2019-04-08', '2019-04-11', 0),
(393, 74, 48, 8, '2019-04-05', '2019-04-11', '2019-04-09', 0),
(394, 94, 44, 17, '2019-04-03', '2019-04-11', '2019-04-13', 0),
(395, 41, 40, 14, '2019-04-04', '2019-04-08', '2019-04-10', 0),
(396, 39, 11, 8, '2019-04-05', '2019-04-10', '2019-04-09', 0),
(397, 83, 3, 16, '2019-04-01', '2019-04-12', '2019-04-11', 0),
(398, 6, 6, 2, '2019-04-05', '2019-04-09', '2019-04-12', 0),
(399, 4, 37, 6, '2019-04-01', '2019-04-13', '2019-04-13', 0),
(400, 32, 39, 3, '2019-04-02', '2019-04-10', '2019-04-11', 0),
(401, 94, 24, 12, '2019-04-02', '2019-04-09', '2019-04-13', 0),
(402, 22, 23, 20, '2019-04-01', '2019-04-09', '2019-04-10', 0),
(403, 72, 24, 15, '2019-04-03', '2019-04-09', '2019-04-12', 0),
(404, 16, 8, 17, '2019-04-04', '2019-04-10', '2019-04-13', 0),
(405, 6, 15, 9, '2019-04-01', '2019-04-13', '2019-04-09', 0),
(406, 109, 9, 16, '2019-04-06', '2019-04-10', '2019-04-13', 0),
(407, 78, 12, 14, '2019-04-03', '2019-04-10', '2019-04-09', 0),
(408, 5, 11, 19, '2019-04-06', '2019-04-13', '2019-04-12', 0),
(409, 91, 24, 10, '2019-04-03', '2019-04-08', '2019-04-12', 0),
(410, 10, 38, 13, '2019-04-01', '2019-04-09', '2019-04-08', 0),
(411, 88, 37, 15, '2019-04-05', '2019-04-11', '2019-04-11', 0),
(412, 108, 34, 3, '2019-04-04', '2019-04-10', '2019-04-08', 0),
(413, 93, 26, 13, '2019-04-03', '2019-04-09', '2019-04-11', 0),
(414, 76, 9, 3, '2019-04-06', '2019-04-11', '2019-04-12', 0),
(415, 96, 40, 13, '2019-04-02', '2019-04-13', '2019-04-09', 0),
(416, 5, 17, 2, '2019-04-06', '2019-04-09', '2019-04-11', 0),
(417, 86, 9, 15, '2019-04-06', '2019-04-13', '2019-04-11', 0),
(418, 41, 26, 2, '2019-04-01', '2019-04-11', '2019-04-11', 0),
(419, 96, 19, 11, '2019-04-02', '2019-04-11', '2019-04-09', 0),
(420, 92, 9, 7, '2019-04-06', '2019-04-13', '2019-04-11', 0),
(421, 4, 45, 1, '2019-04-05', '2019-04-08', '2019-04-09', 0),
(422, 53, 2, 8, '2019-04-01', '2019-04-13', '2019-04-10', 0),
(423, 88, 38, 18, '2019-04-01', '2019-04-08', '2019-04-12', 0),
(424, 63, 10, 11, '2019-04-04', '2019-04-11', '2019-04-08', 0),
(425, 110, 29, 13, '2019-04-05', '2019-04-13', '2019-04-09', 0),
(426, 19, 11, 8, '2019-04-01', '2019-04-09', '2019-04-12', 0),
(427, 109, 36, 4, '2019-04-01', '2019-04-13', '2019-04-13', 0),
(428, 77, 37, 19, '2019-04-01', '2019-04-11', '2019-04-13', 0),
(429, 26, 27, 18, '2019-04-05', '2019-04-08', '2019-04-09', 0),
(430, 22, 9, 3, '2019-04-02', '2019-04-13', '2019-04-12', 0),
(431, 102, 34, 4, '2019-04-02', '2019-04-10', '2019-04-12', 0),
(432, 86, 49, 3, '2019-04-05', '2019-04-10', '2019-04-11', 0),
(433, 5, 38, 5, '2019-04-06', '2019-04-10', '2019-04-08', 0),
(434, 51, 47, 4, '2019-04-04', '2019-04-12', '2019-04-13', 0),
(435, 67, 26, 15, '2019-04-01', '2019-04-10', '2019-04-11', 0),
(436, 61, 37, 6, '2019-04-03', '2019-04-13', '2019-04-11', 0),
(437, 65, 15, 4, '2019-04-03', '2019-04-08', '2019-04-08', 0),
(438, 100, 46, 4, '2019-04-01', '2019-04-08', '2019-04-11', 0),
(439, 28, 50, 12, '2019-04-06', '2019-04-08', '2019-04-09', 0),
(440, 2, 17, 2, '2019-04-05', '2019-04-13', '2019-04-10', 0),
(441, 42, 28, 11, '2019-04-01', '2019-04-09', '2019-04-11', 0),
(442, 83, 16, 10, '2019-04-03', '2019-04-10', '2019-04-11', 0),
(443, 60, 1, 16, '2019-04-04', '2019-04-11', '2019-04-12', 0),
(444, 80, 10, 7, '2019-04-03', '2019-04-10', '2019-04-11', 0),
(445, 64, 37, 4, '2019-04-05', '2019-04-13', '2019-04-11', 0),
(446, 36, 19, 4, '2019-04-03', '2019-04-08', '2019-04-13', 0),
(447, 39, 3, 11, '2019-04-05', '2019-04-11', '2019-04-09', 0),
(448, 18, 7, 12, '2019-04-04', '2019-04-12', '2019-04-09', 0),
(449, 9, 31, 14, '2019-04-02', '2019-04-10', '2019-04-11', 0),
(450, 79, 16, 1, '2019-04-05', '2019-04-12', '2019-04-11', 0),
(451, 75, 28, 4, '2019-04-05', '2019-04-11', '2019-04-09', 0),
(452, 95, 5, 11, '2019-04-01', '2019-04-09', '2019-04-10', 0),
(453, 106, 5, 8, '2019-04-03', '2019-04-13', '2019-04-10', 0),
(454, 107, 22, 8, '2019-04-06', '2019-04-13', '2019-04-13', 0),
(455, 1, 42, 12, '2019-04-05', '2019-04-13', '2019-04-12', 0),
(456, 43, 20, 11, '2019-04-03', '2019-04-08', '2019-04-13', 0),
(457, 109, 13, 16, '2019-04-02', '2019-04-12', '2019-04-11', 0),
(458, 9, 39, 13, '2019-04-06', '2019-04-10', '2019-04-13', 0),
(459, 8, 29, 10, '2019-04-06', '2019-04-09', '2019-04-09', 0),
(460, 97, 47, 9, '2019-04-02', '2019-04-12', '2019-04-08', 0),
(461, 10, 40, 17, '2019-04-05', '2019-04-08', '2019-04-13', 0),
(462, 37, 18, 9, '2019-04-04', '2019-04-13', '2019-04-10', 0),
(463, 72, 45, 20, '2019-04-02', '2019-04-09', '2019-04-13', 0),
(464, 63, 21, 6, '2019-04-02', '2019-04-10', '2019-04-08', 0),
(465, 66, 28, 8, '2019-04-02', '2019-04-10', '2019-04-08', 0),
(466, 58, 14, 2, '2019-04-04', '2019-04-12', '2019-04-13', 0),
(467, 77, 34, 18, '2019-04-05', '2019-04-09', '2019-04-08', 0),
(468, 51, 15, 16, '2019-04-01', '2019-04-10', '2019-04-10', 0),
(469, 39, 49, 6, '2019-04-04', '2019-04-13', '2019-04-08', 0),
(470, 84, 43, 17, '2019-04-02', '2019-04-11', '2019-04-13', 0),
(471, 66, 33, 20, '2019-04-06', '2019-04-13', '2019-04-08', 0),
(472, 77, 30, 19, '2019-04-02', '2019-04-11', '2019-04-10', 0),
(473, 95, 25, 19, '2019-04-02', '2019-04-11', '2019-04-11', 0),
(474, 40, 28, 17, '2019-04-01', '2019-04-10', '2019-04-08', 0),
(475, 27, 20, 16, '2019-04-03', '2019-04-13', '2019-04-08', 0),
(476, 5, 35, 5, '2019-04-03', '2019-04-11', '2019-04-13', 0),
(477, 96, 32, 17, '2019-04-05', '2019-04-09', '2019-04-13', 0),
(478, 110, 15, 17, '2019-04-03', '2019-04-11', '2019-04-08', 0),
(479, 103, 41, 1, '2019-04-02', '2019-04-08', '2019-04-09', 0),
(480, 32, 45, 14, '2019-04-03', '2019-04-13', '2019-04-09', 0),
(481, 89, 6, 13, '2019-04-05', '2019-04-13', '2019-04-11', 0),
(482, 19, 48, 2, '2019-04-05', '2019-04-09', '2019-04-11', 0),
(483, 57, 43, 18, '2019-04-04', '2019-04-09', '2019-04-12', 0),
(484, 106, 42, 13, '2019-04-06', '2019-04-13', '2019-04-09', 0),
(485, 39, 33, 2, '2019-04-02', '2019-04-11', '2019-04-11', 0),
(486, 65, 20, 10, '2019-04-01', '2019-04-09', '2019-04-10', 0),
(487, 41, 19, 11, '2019-04-06', '2019-04-12', '2019-04-09', 0),
(488, 73, 29, 10, '2019-04-03', '2019-04-08', '2019-04-10', 0),
(489, 35, 27, 17, '2019-04-02', '2019-04-11', '2019-04-08', 0),
(490, 4, 2, 6, '2019-04-04', '2019-04-11', '2019-04-13', 0),
(491, 93, 30, 16, '2019-04-04', '2019-04-13', '2019-04-13', 0),
(492, 50, 42, 4, '2019-04-04', '2019-04-08', '2019-04-11', 0),
(493, 21, 23, 18, '2019-04-02', '2019-04-12', '2019-04-08', 0),
(494, 31, 13, 5, '2019-04-02', '2019-04-12', '2019-04-13', 0),
(495, 110, 45, 11, '2019-04-06', '2019-04-11', '2019-04-11', 0),
(496, 76, 17, 4, '2019-04-02', '2019-04-11', '2019-04-13', 0),
(497, 25, 33, 2, '2019-04-04', '2019-04-10', '2019-04-12', 0),
(498, 86, 25, 16, '2019-04-06', '2019-04-13', '2019-04-11', 0),
(499, 4, 23, 5, '2019-04-06', '2019-04-12', '2019-04-13', 0),
(500, 87, 49, 18, '2019-04-06', '2019-04-12', '2019-04-09', 0),
(501, 38, 6, 8, '2019-04-04', '2019-04-13', '2019-04-09', 0),
(502, 101, 2, 6, '2019-04-04', '2019-04-12', '2019-04-10', 0),
(503, 91, 18, 3, '2019-04-06', '2019-04-11', '2019-04-09', 0),
(504, 89, 31, 12, '2019-04-06', '2019-04-10', '2019-04-11', 0),
(505, 26, 3, 1, '2019-04-03', '2019-04-12', '2019-04-10', 0),
(506, 43, 48, 13, '2019-04-04', '2019-04-09', '2019-04-13', 0),
(507, 65, 17, 20, '2019-04-02', '2019-04-10', '2019-04-10', 0),
(508, 12, 9, 11, '2019-04-06', '2019-04-10', '2019-04-13', 0),
(509, 77, 44, 6, '2019-04-02', '2019-04-11', '2019-04-08', 0),
(510, 15, 12, 9, '2019-04-04', '2019-04-13', '2019-04-09', 0),
(511, 74, 33, 2, '2019-04-02', '2019-04-12', '2019-04-08', 0),
(512, 37, 9, 13, '2019-04-04', '2019-04-11', '2019-04-13', 0),
(513, 44, 13, 15, '2019-04-06', '2019-04-12', '2019-04-13', 0),
(514, 32, 31, 14, '2019-04-04', '2019-04-12', '2019-04-09', 0),
(515, 33, 8, 13, '2019-04-03', '2019-04-09', '2019-04-09', 0),
(516, 83, 16, 9, '2019-04-04', '2019-04-12', '2019-04-11', 0),
(517, 51, 50, 2, '2019-04-01', '2019-04-10', '2019-04-10', 0),
(518, 29, 23, 4, '2019-04-03', '2019-04-11', '2019-04-13', 0),
(519, 101, 10, 19, '2019-04-04', '2019-04-12', '2019-04-10', 0),
(520, 31, 31, 6, '2019-04-01', '2019-04-10', '2019-04-09', 0),
(521, 26, 32, 17, '2019-04-06', '2019-04-10', '2019-04-10', 0),
(522, 34, 44, 10, '2019-04-02', '2019-04-13', '2019-04-09', 0),
(523, 68, 39, 20, '2019-04-01', '2019-04-09', '2019-04-10', 0),
(524, 106, 29, 15, '2019-04-05', '2019-04-10', '2019-04-08', 0),
(525, 10, 9, 3, '2019-04-04', '2019-04-11', '2019-04-09', 0),
(526, 1, 44, 15, '2019-04-02', '2019-04-11', '2019-04-11', 0),
(527, 95, 19, 15, '2019-04-04', '2019-04-08', '2019-04-13', 0),
(528, 38, 34, 1, '2019-04-02', '2019-04-08', '2019-04-09', 0),
(529, 30, 11, 1, '2019-04-05', '2019-04-10', '2019-04-11', 0),
(530, 60, 1, 4, '2019-04-03', '2019-04-13', '2019-04-11', 0),
(531, 103, 26, 11, '2019-04-01', '2019-04-12', '2019-04-09', 0),
(532, 69, 48, 17, '2019-04-04', '2019-04-10', '2019-04-10', 0),
(533, 17, 28, 11, '2019-04-03', '2019-04-12', '2019-04-08', 0),
(534, 40, 45, 19, '2019-04-05', '2019-04-12', '2019-04-13', 0),
(535, 70, 26, 4, '2019-04-02', '2019-04-11', '2019-04-11', 0),
(536, 68, 26, 2, '2019-04-04', '2019-04-11', '2019-04-10', 0),
(537, 32, 36, 8, '2019-04-03', '2019-04-12', '2019-04-11', 0),
(538, 40, 30, 9, '2019-04-06', '2019-04-13', '2019-04-12', 0),
(539, 96, 34, 5, '2019-04-01', '2019-04-10', '2019-04-12', 0),
(540, 82, 12, 9, '2019-04-04', '2019-04-13', '2019-04-09', 0),
(541, 34, 9, 17, '2019-04-02', '2019-04-11', '2019-04-08', 0),
(542, 48, 13, 2, '2019-04-06', '2019-04-12', '2019-04-09', 0),
(543, 70, 10, 17, '2019-04-02', '2019-04-12', '2019-04-12', 0),
(544, 57, 15, 15, '2019-04-01', '2019-04-13', '2019-04-10', 0),
(545, 106, 13, 7, '2019-04-05', '2019-04-10', '2019-04-11', 0),
(546, 97, 10, 7, '2019-04-01', '2019-04-10', '2019-04-09', 0),
(547, 59, 4, 17, '2019-04-04', '2019-04-13', '2019-04-08', 0),
(548, 71, 50, 17, '2019-04-05', '2019-04-08', '2019-04-08', 0),
(549, 57, 50, 16, '2019-04-06', '2019-04-09', '2019-04-09', 0),
(550, 38, 12, 20, '2019-04-01', '2019-04-09', '2019-04-12', 0),
(551, 109, 42, 4, '2019-04-05', '2019-04-10', '2019-04-08', 0),
(552, 17, 29, 13, '2019-04-02', '2019-04-11', '2019-04-10', 0),
(553, 24, 48, 6, '2019-04-03', '2019-04-09', '2019-04-09', 0),
(554, 83, 36, 14, '2019-04-03', '2019-04-09', '2019-04-11', 0),
(555, 66, 43, 2, '2019-04-05', '2019-04-10', '2019-04-09', 0),
(556, 63, 20, 9, '2019-04-06', '2019-04-08', '2019-04-08', 0),
(557, 2, 13, 4, '2019-04-01', '2019-04-10', '2019-04-09', 0),
(558, 108, 33, 13, '2019-04-01', '2019-04-12', '2019-04-08', 0),
(559, 24, 1, 8, '2019-04-06', '2019-04-12', '2019-04-10', 0),
(560, 83, 35, 18, '2019-04-04', '2019-04-12', '2019-04-10', 0),
(561, 10, 40, 17, '2019-04-06', '2019-04-09', '2019-04-12', 0),
(562, 27, 19, 13, '2019-04-06', '2019-04-08', '2019-04-08', 0),
(563, 21, 41, 4, '2019-04-01', '2019-04-10', '2019-04-12', 0),
(564, 13, 38, 5, '2019-04-02', '2019-04-12', '2019-04-08', 0),
(565, 95, 37, 8, '2019-04-01', '2019-04-13', '2019-04-13', 0),
(566, 101, 33, 19, '2019-04-02', '2019-04-09', '2019-04-12', 0),
(567, 47, 50, 8, '2019-04-03', '2019-04-13', '2019-04-12', 0),
(568, 27, 34, 13, '2019-04-05', '2019-04-08', '2019-04-12', 0),
(569, 51, 33, 20, '2019-04-02', '2019-04-08', '2019-04-09', 0),
(570, 38, 27, 1, '2019-04-04', '2019-04-12', '2019-04-08', 0),
(571, 82, 24, 6, '2019-04-03', '2019-04-13', '2019-04-10', 0),
(572, 38, 15, 12, '2019-04-04', '2019-04-12', '2019-04-08', 0),
(573, 53, 38, 7, '2019-04-01', '2019-04-13', '2019-04-11', 0),
(574, 69, 18, 6, '2019-04-02', '2019-04-13', '2019-04-10', 0),
(575, 26, 22, 15, '2019-04-05', '2019-04-12', '2019-04-11', 0),
(576, 31, 7, 14, '2019-04-02', '2019-04-10', '2019-04-08', 0),
(577, 50, 6, 3, '2019-04-01', '2019-04-13', '2019-04-12', 0),
(578, 3, 6, 17, '2019-04-05', '2019-04-11', '2019-04-08', 0),
(579, 80, 5, 7, '2019-04-02', '2019-04-12', '2019-04-10', 0),
(580, 68, 30, 14, '2019-04-01', '2019-04-10', '2019-04-11', 0),
(581, 6, 26, 10, '2019-04-05', '2019-04-11', '2019-04-10', 0),
(582, 20, 42, 8, '2019-04-02', '2019-04-09', '2019-04-09', 0),
(583, 55, 26, 5, '2019-04-03', '2019-04-08', '2019-04-13', 0),
(584, 56, 37, 13, '2019-04-02', '2019-04-08', '2019-04-10', 0),
(585, 110, 9, 2, '2019-04-04', '2019-04-09', '2019-04-11', 0),
(586, 107, 35, 15, '2019-04-01', '2019-04-09', '2019-04-12', 0),
(587, 81, 32, 15, '2019-04-03', '2019-04-08', '2019-04-08', 0),
(588, 85, 9, 2, '2019-04-01', '2019-04-08', '2019-04-09', 0),
(589, 44, 36, 9, '2019-04-06', '2019-04-09', '2019-04-13', 0),
(590, 63, 4, 7, '2019-04-03', '2019-04-12', '2019-04-09', 0),
(591, 86, 10, 9, '2019-04-05', '2019-04-08', '2019-04-08', 0),
(592, 44, 39, 19, '2019-04-04', '2019-04-11', '2019-04-13', 0),
(593, 98, 49, 16, '2019-04-02', '2019-04-10', '2019-04-10', 0),
(594, 105, 23, 7, '2019-04-01', '2019-04-12', '2019-04-09', 0),
(595, 44, 16, 8, '2019-04-06', '2019-04-10', '2019-04-09', 0),
(596, 81, 10, 19, '2019-04-03', '2019-04-12', '2019-04-12', 0),
(597, 15, 5, 11, '2019-04-03', '2019-04-11', '2019-04-10', 0),
(598, 11, 10, 2, '2019-04-05', '2019-04-11', '2019-04-08', 0),
(599, 4, 47, 19, '2019-04-06', '2019-04-11', '2019-04-12', 0),
(600, 90, 33, 7, '2019-04-05', '2019-04-13', '2019-04-09', 0),
(601, 13, 21, 12, '2019-04-02', '2019-04-09', '2019-04-08', 0),
(602, 12, 28, 10, '2019-04-02', '2019-04-09', '2019-04-09', 0),
(603, 22, 8, 14, '2019-04-04', '2019-04-08', '2019-04-12', 0),
(604, 59, 45, 14, '2019-04-02', '2019-04-08', '2019-04-09', 0),
(605, 94, 25, 10, '2019-04-01', '2019-04-10', '2019-04-08', 0),
(606, 49, 43, 12, '2019-04-02', '2019-04-13', '2019-04-11', 0),
(607, 50, 18, 7, '2019-04-02', '2019-04-11', '2019-04-08', 0),
(608, 32, 45, 17, '2019-04-04', '2019-04-11', '2019-04-08', 0),
(609, 74, 22, 9, '2019-04-03', '2019-04-11', '2019-04-10', 0),
(610, 17, 28, 5, '2019-04-06', '2019-04-08', '2019-04-11', 0),
(611, 52, 8, 11, '2019-04-02', '2019-04-12', '2019-04-13', 0),
(612, 96, 50, 5, '2019-04-02', '2019-04-12', '2019-04-10', 0),
(613, 2, 32, 20, '2019-04-02', '2019-04-08', '2019-04-12', 0),
(614, 77, 8, 15, '2019-04-01', '2019-04-13', '2019-04-13', 0),
(615, 39, 49, 11, '2019-04-06', '2019-04-08', '2019-04-08', 0),
(616, 73, 26, 13, '2019-04-04', '2019-04-09', '2019-04-12', 0),
(617, 97, 16, 6, '2019-04-04', '2019-04-11', '2019-04-11', 0),
(618, 40, 7, 18, '2019-04-01', '2019-04-12', '2019-04-09', 0),
(619, 79, 14, 9, '2019-04-03', '2019-04-08', '2019-04-09', 0),
(620, 100, 24, 9, '2019-04-01', '2019-04-11', '2019-04-10', 0),
(621, 88, 2, 2, '2019-04-01', '2019-04-13', '2019-04-13', 0),
(622, 85, 7, 11, '2019-04-01', '2019-04-09', '2019-04-13', 0),
(623, 104, 29, 1, '2019-04-04', '2019-04-10', '2019-04-08', 0),
(624, 8, 46, 6, '2019-04-02', '2019-04-13', '2019-04-11', 0),
(625, 48, 14, 4, '2019-04-02', '2019-04-13', '2019-04-12', 0),
(626, 55, 33, 7, '2019-04-04', '2019-04-08', '2019-04-08', 0),
(627, 56, 24, 5, '2019-04-06', '2019-04-10', '2019-04-11', 0),
(628, 48, 5, 20, '2019-04-03', '2019-04-08', '2019-04-09', 0),
(629, 61, 34, 16, '2019-04-02', '2019-04-11', '2019-04-08', 0),
(630, 39, 39, 10, '2019-04-04', '2019-04-12', '2019-04-09', 0),
(631, 108, 39, 9, '2019-04-05', '2019-04-10', '2019-04-08', 0),
(632, 55, 14, 4, '2019-04-01', '2019-04-09', '2019-04-12', 0),
(633, 83, 50, 4, '2019-04-01', '2019-04-13', '2019-04-08', 0),
(634, 12, 35, 5, '2019-04-05', '2019-04-09', '2019-04-13', 0),
(635, 37, 32, 3, '2019-04-03', '2019-04-09', '2019-04-08', 0),
(636, 79, 17, 15, '2019-04-06', '2019-04-13', '2019-04-12', 0),
(637, 43, 26, 3, '2019-04-03', '2019-04-08', '2019-04-12', 0),
(638, 25, 41, 8, '2019-04-02', '2019-04-11', '2019-04-08', 0),
(639, 101, 29, 2, '2019-04-03', '2019-04-12', '2019-04-08', 0),
(640, 7, 41, 10, '2019-04-01', '2019-04-10', '2019-04-08', 0),
(641, 30, 24, 4, '2019-04-04', '2019-04-10', '2019-04-11', 0),
(642, 105, 7, 15, '2019-04-04', '2019-04-13', '2019-04-11', 0),
(643, 9, 12, 5, '2019-04-04', '2019-04-10', '2019-04-12', 0),
(644, 23, 40, 7, '2019-04-04', '2019-04-10', '2019-04-13', 0),
(645, 9, 28, 4, '2019-04-06', '2019-04-08', '2019-04-11', 0),
(646, 89, 46, 1, '2019-04-05', '2019-04-11', '2019-04-10', 0),
(647, 92, 9, 7, '2019-04-03', '2019-04-08', '2019-04-13', 0),
(648, 23, 28, 10, '2019-04-05', '2019-04-11', '2019-04-09', 0),
(649, 105, 20, 13, '2019-04-04', '2019-04-13', '2019-04-12', 0),
(650, 66, 39, 12, '2019-04-01', '2019-04-12', '2019-04-11', 0),
(651, 59, 28, 13, '2019-04-03', '2019-04-10', '2019-04-13', 0),
(652, 13, 34, 10, '2019-04-06', '2019-04-13', '2019-04-13', 0),
(653, 21, 6, 7, '2019-04-05', '2019-04-13', '2019-04-10', 0),
(654, 52, 14, 10, '2019-04-06', '2019-04-13', '2019-04-13', 0),
(655, 60, 40, 15, '2019-04-06', '2019-04-12', '2019-04-13', 0),
(656, 60, 33, 13, '2019-04-01', '2019-04-09', '2019-04-09', 0),
(657, 66, 28, 7, '2019-04-03', '2019-04-13', '2019-04-08', 0),
(658, 85, 24, 18, '2019-04-05', '2019-04-11', '2019-04-10', 0),
(659, 107, 5, 3, '2019-04-04', '2019-04-12', '2019-04-11', 0),
(660, 64, 14, 3, '2019-04-05', '2019-04-08', '2019-04-13', 0),
(661, 71, 34, 17, '2019-04-06', '2019-04-11', '2019-04-09', 0),
(662, 28, 36, 10, '2019-04-04', '2019-04-12', '2019-04-10', 0),
(663, 101, 30, 1, '2019-04-05', '2019-04-13', '2019-04-13', 0),
(664, 23, 49, 19, '2019-04-03', '2019-04-09', '2019-04-12', 0),
(665, 48, 31, 1, '2019-04-05', '2019-04-13', '2019-04-12', 0),
(666, 60, 29, 9, '2019-04-04', '2019-04-13', '2019-04-09', 0),
(667, 11, 22, 4, '2019-04-03', '2019-04-09', '2019-04-09', 0),
(668, 105, 44, 17, '2019-04-04', '2019-04-10', '2019-04-13', 0),
(669, 60, 34, 7, '2019-04-05', '2019-04-11', '2019-04-09', 0),
(670, 109, 45, 13, '2019-04-03', '2019-04-13', '2019-04-10', 0),
(671, 51, 15, 14, '2019-04-02', '2019-04-08', '2019-04-09', 0),
(672, 3, 35, 9, '2019-04-01', '2019-04-09', '2019-04-13', 0),
(673, 10, 25, 10, '2019-04-06', '2019-04-11', '2019-04-11', 0),
(674, 33, 50, 11, '2019-04-02', '2019-04-10', '2019-04-10', 0),
(675, 100, 46, 11, '2019-04-04', '2019-04-09', '2019-04-09', 0),
(676, 20, 2, 4, '2019-04-02', '2019-04-11', '2019-04-13', 0),
(677, 27, 26, 5, '2019-04-04', '2019-04-13', '2019-04-09', 0),
(678, 106, 38, 11, '2019-04-02', '2019-04-12', '2019-04-11', 0),
(679, 26, 11, 6, '2019-04-02', '2019-04-11', '2019-04-10', 0),
(680, 24, 23, 7, '2019-04-04', '2019-04-13', '2019-04-11', 0),
(681, 94, 50, 5, '2019-04-01', '2019-04-08', '2019-04-08', 0),
(682, 63, 19, 16, '2019-04-03', '2019-04-12', '2019-04-09', 0),
(683, 56, 50, 8, '2019-04-04', '2019-04-11', '2019-04-13', 0),
(684, 49, 15, 16, '2019-04-01', '2019-04-10', '2019-04-09', 0),
(685, 21, 13, 8, '2019-04-01', '2019-04-12', '2019-04-12', 0),
(686, 15, 25, 3, '2019-04-06', '2019-04-11', '2019-04-11', 0),
(687, 91, 39, 3, '2019-04-05', '2019-04-11', '2019-04-11', 0),
(688, 33, 26, 14, '2019-04-02', '2019-04-08', '2019-04-11', 0),
(689, 21, 32, 5, '2019-04-04', '2019-04-08', '2019-04-12', 0),
(690, 110, 41, 11, '2019-04-02', '2019-04-13', '2019-04-08', 0),
(691, 91, 35, 4, '2019-04-03', '2019-04-08', '2019-04-09', 0),
(692, 16, 20, 5, '2019-04-01', '2019-04-12', '2019-04-08', 0),
(693, 38, 32, 15, '2019-04-03', '2019-04-10', '2019-04-08', 0),
(694, 69, 15, 4, '2019-04-01', '2019-04-12', '2019-04-08', 0),
(695, 11, 26, 7, '2019-04-06', '2019-04-11', '2019-04-09', 0),
(696, 110, 27, 19, '2019-04-03', '2019-04-09', '2019-04-08', 0),
(697, 89, 23, 12, '2019-04-02', '2019-04-10', '2019-04-10', 0),
(698, 32, 47, 7, '2019-04-01', '2019-04-09', '2019-04-11', 0),
(699, 42, 9, 12, '2019-04-03', '2019-04-08', '2019-04-12', 0),
(700, 63, 2, 1, '2019-04-04', '2019-04-12', '2019-04-10', 0),
(701, 43, 32, 2, '2019-04-02', '2019-04-10', '2019-04-12', 0),
(702, 14, 28, 9, '2019-04-04', '2019-04-12', '2019-04-12', 0),
(703, 87, 38, 7, '2019-04-06', '2019-04-12', '2019-04-09', 0),
(704, 110, 50, 4, '2019-04-03', '2019-04-13', '2019-04-11', 0),
(705, 10, 11, 16, '2019-04-06', '2019-04-09', '2019-04-13', 0),
(706, 72, 26, 9, '2019-04-02', '2019-04-08', '2019-04-09', 0),
(707, 77, 17, 9, '2019-04-06', '2019-04-09', '2019-04-13', 0),
(708, 61, 48, 7, '2019-04-05', '2019-04-13', '2019-04-08', 0),
(709, 23, 12, 9, '2019-04-03', '2019-04-13', '2019-04-11', 0),
(710, 73, 28, 14, '2019-04-03', '2019-04-08', '2019-04-13', 0),
(711, 80, 22, 2, '2019-04-05', '2019-04-08', '2019-04-11', 0),
(712, 52, 8, 3, '2019-04-02', '2019-04-09', '2019-04-12', 0),
(713, 76, 43, 9, '2019-04-01', '2019-04-10', '2019-04-12', 0),
(714, 30, 38, 18, '2019-04-02', '2019-04-11', '2019-04-12', 0),
(715, 95, 36, 17, '2019-04-01', '2019-04-12', '2019-04-09', 0),
(716, 6, 28, 11, '2019-04-01', '2019-04-09', '2019-04-10', 0),
(717, 61, 50, 8, '2019-04-02', '2019-04-13', '2019-04-08', 0),
(718, 58, 45, 6, '2019-04-03', '2019-04-11', '2019-04-10', 0),
(719, 37, 19, 4, '2019-04-04', '2019-04-11', '2019-04-09', 0),
(720, 28, 40, 7, '2019-04-03', '2019-04-09', '2019-04-10', 0),
(721, 100, 11, 2, '2019-04-02', '2019-04-08', '2019-04-10', 0),
(722, 1, 34, 20, '2019-04-01', '2019-04-11', '2019-04-08', 0),
(723, 16, 19, 3, '2019-04-06', '2019-04-12', '2019-04-09', 0),
(724, 107, 26, 12, '2019-04-04', '2019-04-09', '2019-04-08', 0),
(725, 105, 45, 14, '2019-04-01', '2019-04-08', '2019-04-09', 0),
(726, 109, 38, 17, '2019-04-04', '2019-04-08', '2019-04-09', 0),
(727, 61, 14, 15, '2019-04-01', '2019-04-08', '2019-04-09', 0),
(728, 57, 9, 13, '2019-04-06', '2019-04-11', '2019-04-11', 0),
(729, 84, 40, 19, '2019-04-02', '2019-04-09', '2019-04-08', 0),
(730, 29, 44, 9, '2019-04-06', '2019-04-12', '2019-04-10', 0),
(731, 95, 25, 10, '2019-04-03', '2019-04-10', '2019-04-12', 0),
(732, 74, 11, 18, '2019-04-06', '2019-04-11', '2019-04-08', 0),
(733, 89, 30, 17, '2019-04-02', '2019-04-11', '2019-04-08', 0),
(734, 71, 25, 7, '2019-04-03', '2019-04-10', '2019-04-09', 0),
(735, 68, 33, 12, '2019-04-01', '2019-04-13', '2019-04-11', 0),
(736, 5, 14, 18, '2019-04-05', '2019-04-09', '2019-04-08', 0),
(737, 8, 10, 7, '2019-04-06', '2019-04-12', '2019-04-08', 0),
(738, 25, 45, 20, '2019-04-05', '2019-04-10', '2019-04-08', 0),
(739, 59, 43, 10, '2019-04-05', '2019-04-08', '2019-04-09', 0),
(740, 72, 28, 19, '2019-04-03', '2019-04-08', '2019-04-12', 0),
(741, 13, 39, 8, '2019-04-06', '2019-04-09', '2019-04-10', 0),
(742, 106, 9, 7, '2019-04-03', '2019-04-10', '2019-04-10', 0),
(743, 92, 24, 9, '2019-04-06', '2019-04-11', '2019-04-08', 0),
(744, 6, 4, 13, '2019-04-05', '2019-04-11', '2019-04-10', 0),
(745, 19, 24, 20, '2019-04-03', '2019-04-12', '2019-04-09', 0),
(746, 47, 34, 7, '2019-04-05', '2019-04-08', '2019-04-11', 0),
(747, 69, 11, 1, '2019-04-01', '2019-04-09', '2019-04-09', 0),
(748, 51, 5, 18, '2019-04-04', '2019-04-10', '2019-04-08', 0),
(749, 10, 9, 6, '2019-04-06', '2019-04-11', '2019-04-10', 0),
(750, 90, 18, 7, '2019-04-03', '2019-04-11', '2019-04-13', 0),
(751, 90, 44, 18, '2019-04-03', '2019-04-13', '2019-04-10', 0),
(752, 10, 45, 2, '2019-04-03', '2019-04-08', '2019-04-13', 0),
(753, 53, 4, 19, '2019-04-04', '2019-04-11', '2019-04-12', 0),
(754, 65, 38, 6, '2019-04-05', '2019-04-11', '2019-04-12', 0),
(755, 87, 1, 4, '2019-04-06', '2019-04-09', '2019-04-13', 0),
(756, 103, 35, 1, '2019-04-03', '2019-04-08', '2019-04-08', 0),
(757, 89, 5, 14, '2019-04-04', '2019-04-11', '2019-04-10', 0),
(758, 19, 27, 2, '2019-04-04', '2019-04-08', '2019-04-12', 0),
(759, 15, 17, 20, '2019-04-01', '2019-04-10', '2019-04-08', 0),
(760, 28, 37, 7, '2019-04-01', '2019-04-11', '2019-04-12', 0),
(761, 15, 3, 7, '2019-04-02', '2019-04-10', '2019-04-10', 0),
(762, 70, 36, 9, '2019-04-06', '2019-04-13', '2019-04-08', 0),
(763, 76, 3, 4, '2019-04-01', '2019-04-13', '2019-04-08', 0),
(764, 105, 47, 6, '2019-04-03', '2019-04-13', '2019-04-10', 0),
(765, 45, 50, 2, '2019-04-06', '2019-04-13', '2019-04-10', 0),
(766, 63, 5, 2, '2019-04-02', '2019-04-13', '2019-04-12', 0),
(767, 72, 42, 2, '2019-04-03', '2019-04-09', '2019-04-10', 0),
(768, 110, 37, 1, '2019-04-06', '2019-04-08', '2019-04-12', 0),
(769, 54, 1, 10, '2019-04-03', '2019-04-10', '2019-04-09', 0),
(770, 80, 41, 18, '2019-04-06', '2019-04-13', '2019-04-13', 0),
(771, 105, 24, 6, '2019-04-06', '2019-04-13', '2019-04-10', 0),
(772, 92, 40, 3, '2019-04-02', '2019-04-13', '2019-04-10', 0),
(773, 44, 45, 13, '2019-04-05', '2019-04-10', '2019-04-13', 0),
(774, 6, 18, 6, '2019-04-03', '2019-04-09', '2019-04-08', 0),
(775, 79, 26, 7, '2019-04-01', '2019-04-10', '2019-04-08', 0),
(776, 40, 1, 7, '2019-04-05', '2019-04-11', '2019-04-10', 0),
(777, 51, 20, 2, '2019-04-06', '2019-04-08', '2019-04-11', 0),
(778, 107, 19, 11, '2019-04-01', '2019-04-10', '2019-04-11', 0),
(779, 41, 5, 9, '2019-04-01', '2019-04-13', '2019-04-10', 0),
(780, 3, 17, 16, '2019-04-04', '2019-04-08', '2019-04-12', 0),
(781, 52, 46, 4, '2019-04-02', '2019-04-10', '2019-04-08', 0),
(782, 16, 30, 15, '2019-04-02', '2019-04-08', '2019-04-08', 0),
(783, 41, 14, 11, '2019-04-05', '2019-04-10', '2019-04-12', 0),
(784, 64, 15, 1, '2019-04-04', '2019-04-11', '2019-04-09', 0),
(785, 11, 27, 11, '2019-04-01', '2019-04-08', '2019-04-12', 0),
(786, 1, 37, 2, '2019-04-05', '2019-04-13', '2019-04-09', 0),
(787, 94, 41, 14, '2019-04-03', '2019-04-09', '2019-04-11', 0),
(788, 75, 30, 4, '2019-04-04', '2019-04-10', '2019-04-12', 0),
(789, 82, 43, 11, '2019-04-02', '2019-04-10', '2019-04-10', 0),
(790, 89, 34, 9, '2019-04-01', '2019-04-11', '2019-04-10', 0),
(791, 20, 26, 6, '2019-04-05', '2019-04-11', '2019-04-12', 0),
(792, 26, 24, 14, '2019-04-02', '2019-04-10', '2019-04-09', 0),
(793, 20, 16, 11, '2019-04-06', '2019-04-12', '2019-04-11', 0),
(794, 2, 46, 1, '2019-04-02', '2019-04-10', '2019-04-12', 0),
(795, 68, 21, 11, '2019-04-04', '2019-04-10', '2019-04-09', 0),
(796, 9, 33, 11, '2019-04-02', '2019-04-13', '2019-04-13', 0),
(797, 48, 35, 14, '2019-04-06', '2019-04-10', '2019-04-11', 0),
(798, 16, 12, 12, '2019-04-02', '2019-04-11', '2019-04-11', 0),
(799, 41, 31, 12, '2019-04-06', '2019-04-10', '2019-04-09', 0),
(800, 109, 14, 17, '2019-04-06', '2019-04-12', '2019-04-11', 0),
(801, 89, 17, 7, '2019-04-05', '2019-04-12', '2019-04-08', 0),
(802, 57, 30, 10, '2019-04-01', '2019-04-13', '2019-04-11', 0),
(803, 77, 44, 2, '2019-04-05', '2019-04-10', '2019-04-10', 0),
(804, 66, 14, 10, '2019-04-04', '2019-04-09', '2019-04-09', 0),
(805, 81, 6, 8, '2019-04-05', '2019-04-12', '2019-04-10', 0),
(806, 19, 8, 11, '2019-04-04', '2019-04-09', '2019-04-12', 0),
(807, 101, 31, 5, '2019-04-04', '2019-04-10', '2019-04-12', 0),
(808, 64, 46, 14, '2019-04-04', '2019-04-13', '2019-04-08', 0),
(809, 80, 1, 15, '2019-04-02', '2019-04-09', '2019-04-12', 0),
(810, 39, 10, 4, '2019-04-04', '2019-04-11', '2019-04-09', 0),
(811, 93, 2, 2, '2019-04-02', '2019-04-12', '2019-04-13', 0),
(812, 58, 21, 13, '2019-04-05', '2019-04-11', '2019-04-11', 0),
(813, 68, 3, 12, '2019-04-04', '2019-04-08', '2019-04-10', 0);
INSERT INTO `peminjaman` (`ID_pinjam`, `ID_buku`, `ID_anggota`, `ID_staff`, `tgl_pinjam`, `batas_kembali`, `tgl_kembali`, `denda`) VALUES
(814, 2, 27, 20, '2019-04-04', '2019-04-08', '2019-04-08', 0),
(815, 48, 1, 3, '2019-04-03', '2019-04-13', '2019-04-11', 0),
(816, 53, 12, 11, '2019-04-01', '2019-04-12', '2019-04-13', 0),
(817, 66, 39, 1, '2019-04-04', '2019-04-12', '2019-04-08', 0),
(818, 49, 39, 12, '2019-04-05', '2019-04-13', '2019-04-11', 0),
(819, 39, 38, 14, '2019-04-05', '2019-04-11', '2019-04-08', 0),
(820, 1, 12, 14, '2019-04-03', '2019-04-13', '2019-04-08', 0),
(821, 29, 20, 6, '2019-04-01', '2019-04-11', '2019-04-11', 0),
(822, 47, 43, 2, '2019-04-05', '2019-04-09', '2019-04-10', 0),
(823, 101, 45, 19, '2019-04-05', '2019-04-13', '2019-04-09', 0),
(824, 82, 45, 10, '2019-04-03', '2019-04-08', '2019-04-08', 0),
(825, 87, 46, 5, '2019-04-04', '2019-04-12', '2019-04-13', 0),
(826, 29, 37, 6, '2019-04-01', '2019-04-08', '2019-04-11', 0),
(827, 65, 29, 17, '2019-04-05', '2019-04-08', '2019-04-13', 0),
(828, 36, 38, 8, '2019-04-01', '2019-04-11', '2019-04-10', 0),
(829, 39, 18, 3, '2019-04-04', '2019-04-09', '2019-04-13', 0),
(830, 103, 30, 19, '2019-04-04', '2019-04-10', '2019-04-11', 0),
(831, 29, 46, 16, '2019-04-06', '2019-04-13', '2019-04-11', 0),
(832, 91, 39, 16, '2019-04-03', '2019-04-11', '2019-04-13', 0),
(833, 75, 14, 1, '2019-04-03', '2019-04-13', '2019-04-09', 0),
(834, 89, 42, 1, '2019-04-06', '2019-04-08', '2019-04-12', 0),
(835, 72, 30, 2, '2019-04-03', '2019-04-13', '2019-04-13', 0),
(836, 74, 29, 14, '2019-04-04', '2019-04-09', '2019-04-13', 0),
(837, 58, 23, 4, '2019-04-04', '2019-04-11', '2019-04-12', 0),
(838, 94, 37, 8, '2019-04-04', '2019-04-11', '2019-04-10', 0),
(839, 22, 14, 4, '2019-04-01', '2019-04-12', '2019-04-11', 0),
(840, 48, 14, 9, '2019-04-03', '2019-04-12', '2019-04-10', 0),
(841, 92, 30, 2, '2019-04-04', '2019-04-13', '2019-04-08', 0),
(842, 85, 49, 2, '2019-04-04', '2019-04-12', '2019-04-08', 0),
(843, 80, 1, 16, '2019-04-01', '2019-04-09', '2019-04-09', 0),
(844, 31, 23, 10, '2019-04-04', '2019-04-11', '2019-04-12', 0),
(845, 73, 49, 1, '2019-04-05', '2019-04-13', '2019-04-10', 0),
(846, 42, 20, 12, '2019-04-01', '2019-04-09', '2019-04-10', 0),
(847, 105, 33, 14, '2019-04-05', '2019-04-13', '2019-04-09', 0),
(848, 6, 48, 14, '2019-04-01', '2019-04-08', '2019-04-08', 0),
(849, 46, 18, 18, '2019-04-04', '2019-04-12', '2019-04-10', 0),
(850, 79, 41, 15, '2019-04-01', '2019-04-08', '2019-04-09', 0),
(851, 82, 16, 2, '2019-04-04', '2019-04-13', '2019-04-13', 0),
(852, 95, 29, 16, '2019-04-01', '2019-04-10', '2019-04-08', 0),
(853, 77, 45, 15, '2019-04-06', '2019-04-08', '2019-04-09', 0),
(854, 10, 4, 4, '2019-04-05', '2019-04-08', '2019-04-11', 0),
(855, 19, 9, 11, '2019-04-03', '2019-04-12', '2019-04-11', 0),
(856, 35, 39, 10, '2019-04-06', '2019-04-08', '2019-04-13', 0),
(857, 10, 19, 11, '2019-04-06', '2019-04-12', '2019-04-13', 0),
(858, 20, 11, 7, '2019-04-02', '2019-04-11', '2019-04-08', 0),
(859, 69, 45, 14, '2019-04-05', '2019-04-12', '2019-04-08', 0),
(860, 28, 2, 20, '2019-04-01', '2019-04-12', '2019-04-09', 0),
(861, 7, 39, 11, '2019-04-01', '2019-04-08', '2019-04-11', 0),
(862, 12, 32, 5, '2019-04-05', '2019-04-09', '2019-04-13', 0),
(863, 68, 22, 7, '2019-04-02', '2019-04-08', '2019-04-09', 0),
(864, 59, 36, 10, '2019-04-04', '2019-04-12', '2019-04-12', 0),
(865, 34, 2, 16, '2019-04-05', '2019-04-13', '2019-04-09', 0),
(866, 65, 38, 17, '2019-04-04', '2019-04-13', '2019-04-13', 0),
(867, 110, 39, 17, '2019-04-02', '2019-04-13', '2019-04-09', 0),
(868, 87, 12, 12, '2019-04-04', '2019-04-09', '2019-04-08', 0),
(869, 21, 36, 2, '2019-04-05', '2019-04-13', '2019-04-11', 0),
(870, 68, 24, 14, '2019-04-01', '2019-04-13', '2019-04-10', 0),
(871, 90, 2, 9, '2019-04-01', '2019-04-11', '2019-04-12', 0),
(872, 109, 49, 20, '2019-04-05', '2019-04-12', '2019-04-12', 0),
(873, 38, 40, 14, '2019-04-03', '2019-04-11', '2019-04-09', 0),
(874, 6, 28, 9, '2019-04-02', '2019-04-13', '2019-04-11', 0),
(875, 79, 17, 6, '2019-04-02', '2019-04-11', '2019-04-08', 0),
(876, 4, 31, 4, '2019-04-03', '2019-04-10', '2019-04-08', 0),
(877, 97, 38, 19, '2019-04-05', '2019-04-13', '2019-04-11', 0),
(878, 9, 15, 16, '2019-04-02', '2019-04-12', '2019-04-09', 0),
(879, 107, 16, 16, '2019-04-01', '2019-04-13', '2019-04-12', 0),
(880, 88, 16, 13, '2019-04-04', '2019-04-11', '2019-04-08', 0),
(881, 63, 7, 7, '2019-04-05', '2019-04-08', '2019-04-10', 0),
(882, 21, 6, 2, '2019-04-01', '2019-04-08', '2019-04-11', 0),
(883, 49, 34, 2, '2019-04-05', '2019-04-11', '2019-04-10', 0),
(884, 47, 2, 18, '2019-04-03', '2019-04-10', '2019-04-09', 0),
(885, 66, 11, 3, '2019-04-06', '2019-04-10', '2019-04-13', 0),
(886, 90, 6, 1, '2019-04-05', '2019-04-11', '2019-04-10', 0),
(887, 5, 38, 5, '2019-04-02', '2019-04-09', '2019-04-13', 0),
(888, 2, 37, 6, '2019-04-06', '2019-04-10', '2019-04-10', 0),
(889, 9, 37, 5, '2019-04-01', '2019-04-09', '2019-04-09', 0),
(890, 8, 9, 3, '2019-04-01', '2019-04-13', '2019-04-10', 0),
(891, 8, 26, 5, '2019-04-05', '2019-04-08', '2019-04-08', 0),
(892, 102, 39, 5, '2019-04-01', '2019-04-08', '2019-04-08', 0),
(893, 4, 40, 17, '2019-04-06', '2019-04-10', '2019-04-10', 0),
(894, 104, 11, 17, '2019-04-01', '2019-04-08', '2019-04-08', 0),
(895, 41, 23, 5, '2019-04-03', '2019-04-12', '2019-04-09', 0),
(896, 67, 32, 13, '2019-04-05', '2019-04-11', '2019-04-09', 0),
(897, 100, 11, 15, '2019-04-06', '2019-04-10', '2019-04-12', 0),
(898, 43, 21, 1, '2019-04-01', '2019-04-09', '2019-04-11', 0),
(899, 94, 35, 6, '2019-04-05', '2019-04-12', '2019-04-08', 0),
(900, 96, 32, 12, '2019-04-04', '2019-04-13', '2019-04-12', 0),
(901, 65, 22, 17, '2019-04-01', '2019-04-09', '2019-04-09', 0),
(902, 106, 33, 8, '2019-04-05', '2019-04-12', '2019-04-11', 0),
(903, 69, 31, 3, '2019-04-04', '2019-04-08', '2019-04-09', 0),
(904, 82, 1, 9, '2019-04-02', '2019-04-08', '2019-04-13', 0),
(905, 97, 30, 20, '2019-04-05', '2019-04-12', '2019-04-10', 0),
(906, 88, 2, 3, '2019-04-05', '2019-04-13', '2019-04-12', 0),
(907, 24, 44, 2, '2019-04-06', '2019-04-08', '2019-04-10', 0),
(908, 61, 44, 8, '2019-04-03', '2019-04-12', '2019-04-08', 0),
(909, 75, 19, 15, '2019-04-06', '2019-04-12', '2019-04-10', 0),
(910, 21, 37, 17, '2019-04-02', '2019-04-08', '2019-04-08', 0),
(911, 16, 23, 6, '2019-04-06', '2019-04-12', '2019-04-09', 0),
(912, 98, 3, 12, '2019-04-03', '2019-04-08', '2019-04-08', 0),
(913, 75, 27, 17, '2019-04-05', '2019-04-08', '2019-04-13', 0),
(914, 73, 21, 10, '2019-04-03', '2019-04-13', '2019-04-12', 0),
(915, 20, 19, 16, '2019-04-03', '2019-04-09', '2019-04-12', 0),
(916, 7, 20, 16, '2019-04-05', '2019-04-13', '2019-04-09', 0),
(917, 58, 34, 5, '2019-04-02', '2019-04-09', '2019-04-12', 0),
(918, 105, 15, 9, '2019-04-01', '2019-04-08', '2019-04-12', 0),
(919, 9, 39, 18, '2019-04-06', '2019-04-10', '2019-04-13', 0),
(920, 99, 22, 7, '2019-04-04', '2019-04-08', '2019-04-11', 0),
(921, 5, 37, 15, '2019-04-05', '2019-04-12', '2019-04-10', 0),
(922, 38, 34, 6, '2019-04-06', '2019-04-08', '2019-04-10', 0),
(923, 34, 9, 1, '2019-04-05', '2019-04-13', '2019-04-13', 0),
(924, 92, 41, 11, '2019-04-04', '2019-04-12', '2019-04-11', 0),
(925, 73, 43, 16, '2019-04-02', '2019-04-12', '2019-04-09', 0),
(926, 18, 34, 14, '2019-04-05', '2019-04-10', '2019-04-08', 0),
(927, 29, 4, 2, '2019-04-02', '2019-04-13', '2019-04-12', 0),
(928, 33, 22, 4, '2019-04-06', '2019-04-13', '2019-04-09', 0),
(929, 92, 30, 4, '2019-04-02', '2019-04-08', '2019-04-09', 0),
(930, 53, 36, 2, '2019-04-02', '2019-04-12', '2019-04-11', 0),
(931, 64, 24, 13, '2019-04-01', '2019-04-10', '2019-04-12', 0),
(932, 50, 9, 13, '2019-04-02', '2019-04-13', '2019-04-09', 0),
(933, 40, 26, 16, '2019-04-01', '2019-04-08', '2019-04-13', 0),
(934, 60, 46, 4, '2019-04-06', '2019-04-12', '2019-04-10', 0),
(935, 72, 18, 14, '2019-04-03', '2019-04-09', '2019-04-09', 0),
(936, 49, 39, 12, '2019-04-04', '2019-04-13', '2019-04-08', 0),
(937, 25, 37, 11, '2019-04-01', '2019-04-10', '2019-04-08', 0),
(938, 109, 10, 13, '2019-04-01', '2019-04-08', '2019-04-10', 0),
(939, 94, 13, 19, '2019-04-06', '2019-04-08', '2019-04-10', 0),
(940, 104, 13, 13, '2019-04-06', '2019-04-09', '2019-04-09', 0),
(941, 33, 17, 17, '2019-04-03', '2019-04-11', '2019-04-13', 0),
(942, 42, 26, 16, '2019-04-04', '2019-04-08', '2019-04-11', 0),
(943, 89, 4, 12, '2019-04-04', '2019-04-08', '2019-04-10', 0),
(944, 59, 30, 2, '2019-04-02', '2019-04-08', '2019-04-13', 0),
(945, 49, 31, 18, '2019-04-03', '2019-04-11', '2019-04-09', 0),
(946, 95, 18, 2, '2019-04-06', '2019-04-13', '2019-04-12', 0),
(947, 48, 21, 1, '2019-04-06', '2019-04-10', '2019-04-08', 0),
(948, 81, 27, 14, '2019-04-05', '2019-04-13', '2019-04-08', 0),
(949, 49, 38, 1, '2019-04-04', '2019-04-13', '2019-04-11', 0),
(950, 26, 49, 20, '2019-04-03', '2019-04-11', '2019-04-10', 0),
(951, 106, 34, 1, '2019-04-04', '2019-04-12', '2019-04-12', 0),
(952, 56, 2, 12, '2019-04-06', '2019-04-11', '2019-04-10', 0),
(953, 30, 26, 7, '2019-04-03', '2019-04-11', '2019-04-09', 0),
(954, 5, 31, 3, '2019-04-05', '2019-04-09', '2019-04-12', 0),
(955, 94, 7, 16, '2019-04-03', '2019-04-09', '2019-04-08', 0),
(956, 107, 29, 18, '2019-04-05', '2019-04-11', '2019-04-09', 0),
(957, 90, 41, 4, '2019-04-06', '2019-04-08', '2019-04-12', 0),
(958, 63, 31, 9, '2019-04-04', '2019-04-10', '2019-04-10', 0),
(959, 29, 49, 5, '2019-04-05', '2019-04-13', '2019-04-12', 0),
(960, 40, 16, 12, '2019-04-04', '2019-04-11', '2019-04-10', 0),
(961, 96, 3, 10, '2019-04-02', '2019-04-09', '2019-04-12', 0),
(962, 101, 46, 15, '2019-04-02', '2019-04-09', '2019-04-09', 0),
(963, 53, 19, 4, '2019-04-03', '2019-04-08', '2019-04-08', 0),
(964, 17, 42, 16, '2019-04-06', '2019-04-09', '2019-04-09', 0),
(965, 24, 3, 1, '2019-04-05', '2019-04-08', '2019-04-12', 0),
(966, 45, 15, 6, '2019-04-04', '2019-04-10', '2019-04-10', 0),
(967, 64, 25, 13, '2019-04-05', '2019-04-13', '2019-04-08', 0),
(968, 34, 20, 10, '2019-04-01', '2019-04-10', '2019-04-08', 0),
(969, 38, 49, 11, '2019-04-06', '2019-04-12', '2019-04-09', 0),
(970, 106, 5, 14, '2019-04-04', '2019-04-11', '2019-04-10', 0),
(971, 38, 46, 17, '2019-04-02', '2019-04-09', '2019-04-11', 0),
(972, 71, 48, 10, '2019-04-05', '2019-04-13', '2019-04-12', 0),
(973, 76, 50, 5, '2019-04-05', '2019-04-10', '2019-04-10', 0),
(974, 95, 43, 7, '2019-04-03', '2019-04-09', '2019-04-11', 0),
(975, 24, 23, 15, '2019-04-04', '2019-04-12', '2019-04-11', 0),
(976, 54, 4, 4, '2019-04-06', '2019-04-13', '2019-04-13', 0),
(977, 38, 50, 19, '2019-04-03', '2019-04-11', '2019-04-13', 0),
(978, 72, 33, 9, '2019-04-05', '2019-04-13', '2019-04-09', 0),
(979, 48, 21, 7, '2019-04-06', '2019-04-08', '2019-04-13', 0),
(980, 27, 14, 17, '2019-04-04', '2019-04-09', '2019-04-13', 0),
(981, 72, 13, 15, '2019-04-03', '2019-04-12', '2019-04-08', 0),
(982, 33, 24, 18, '2019-04-02', '2019-04-10', '2019-04-11', 0),
(983, 87, 25, 11, '2019-04-01', '2019-04-10', '2019-04-09', 0),
(984, 35, 2, 19, '2019-04-02', '2019-04-09', '2019-04-10', 0),
(985, 32, 9, 15, '2019-04-02', '2019-04-12', '2019-04-11', 0),
(986, 37, 10, 17, '2019-04-02', '2019-04-10', '2019-04-10', 0),
(987, 19, 34, 11, '2019-04-05', '2019-04-12', '2019-04-10', 0),
(988, 77, 40, 12, '2019-04-06', '2019-04-09', '2019-04-11', 0),
(989, 63, 15, 20, '2019-04-06', '2019-04-11', '2019-04-13', 0),
(990, 79, 38, 11, '2019-04-05', '2019-04-10', '2019-04-13', 0),
(991, 17, 43, 13, '2019-04-06', '2019-04-13', '2019-04-09', 0),
(992, 70, 49, 11, '2019-04-05', '2019-04-13', '2019-04-11', 0),
(993, 24, 8, 15, '2019-04-06', '2019-04-09', '2019-04-10', 0),
(994, 77, 7, 15, '2019-04-01', '2019-04-13', '2019-04-11', 0),
(995, 9, 20, 6, '2019-04-05', '2019-04-09', '2019-04-13', 0),
(996, 109, 41, 1, '2019-04-01', '2019-04-10', '2019-04-12', 0),
(997, 15, 45, 2, '2019-04-06', '2019-04-11', '2019-04-11', 0),
(998, 1, 10, 20, '2019-04-05', '2019-04-12', '2019-04-10', 0),
(999, 2, 10, 3, '2019-04-05', '2019-04-12', '2019-04-09', 0),
(1000, 55, 19, 4, '2019-04-01', '2019-04-12', '2019-04-11', 0);

-- --------------------------------------------------------

--
-- Table structure for table `pustakawan`
--

CREATE TABLE `pustakawan` (
  `ID_staff` int(11) UNSIGNED NOT NULL,
  `nama_staff` varchar(191) COLLATE utf8mb4_unicode_ci NOT NULL,
  `jenis_kel` varchar(191) COLLATE utf8mb4_unicode_ci NOT NULL,
  `alamat` varchar(191) COLLATE utf8mb4_unicode_ci NOT NULL,
  `tgl_lahir` date NOT NULL,
  `no_telp` varchar(191) COLLATE utf8mb4_unicode_ci NOT NULL
) ENGINE=InnoDB DEFAULT CHARSET=utf8mb4 COLLATE=utf8mb4_unicode_ci;

--
-- Dumping data for table `pustakawan`
--

INSERT INTO `pustakawan` (`ID_staff`, `nama_staff`, `jenis_kel`, `alamat`, `tgl_lahir`, `no_telp`) VALUES
(1, 'Alicia Lawrence', 'P', 'Perumahan Kelapa VI Blok P-31', '1996-12-04', '081122334455'),
(2, 'Mark Crow', 'L', 'Jalan Berlian I No 1', '1994-03-16', '081382736940'),
(3, 'Andika Pratama', 'L', 'Jalan Kelapa Sawit No 12', '1993-07-01', '087862943113'),
(4, 'Jeanne Prasetya', 'P', 'Jalan Pemuda No. 100', '1993-11-12', '081192202345'),
(5, 'Maria Elisabeth', 'P', 'Perumahan Raya Timur Blok AA-20', '1996-08-21', '081132931032'),
(6, 'Christopher Mano', 'L', 'Jalan Melati No. 21', '1994-11-26', '082384739876'),
(7, 'Martin Arias', 'L', 'Jalan Kartini No. 1', '1994-02-22', '082122244477'),
(8, 'Clarissa Austin', 'P', 'Jalan Imam Bonjol No. 3', '1995-10-29', '081207546384'),
(9, 'Aurelio Valerie', 'L', 'Ruby Regency Blok L-10', '1989-05-25', '081920537575'),
(10, 'Louis Aresta', 'L', 'Jalan Teratai No. 22', '1997-06-28', '081911128632'),
(11, 'Olivia Casey', 'P', 'North Emerald Regency P-19', '1994-06-09', '081294327474'),
(12, 'Jessica Clara', 'P', 'Jalan Pahlawan No. 10', '1994-08-21', '081392743821'),
(13, 'Nicholas Ares', 'L', 'Sapphire Residence B-11', '1996-01-29', '081928217423'),
(14, 'Oktavia Laura', 'P', 'Ruby Residence M-13', '1995-07-31', '081231324678'),
(15, 'Irileth Vayna', 'P', 'Perumahan Bantul No. 11', '1997-08-31', '082283793371'),
(16, 'Carla Nirmala', 'P', 'Emerald Residence C-10', '1991-02-28', '082283956664'),
(17, 'Luther Ardin', 'L', 'Jalan Flamboyan No. 112', '1989-09-13', '081264739234'),
(18, 'Bianca Valerie', 'P', 'Jalan Malam Kembang No. 43', '1995-06-26', '081477562834'),
(19, 'Diana Alicia', 'P', 'Onyx Regency N-12', '1994-08-28', '082295829120'),
(20, 'Timothy Paulus', 'L', 'Perumahan Green Forest D-29', '1996-09-23', '081129385281');

-- --------------------------------------------------------

--
-- Table structure for table `users`
--

CREATE TABLE `users` (
  `id` bigint(20) UNSIGNED NOT NULL,
  `name` varchar(191) COLLATE utf8mb4_unicode_ci NOT NULL,
  `email` varchar(191) COLLATE utf8mb4_unicode_ci NOT NULL,
  `email_verified_at` timestamp NULL DEFAULT NULL,
  `password` varchar(191) COLLATE utf8mb4_unicode_ci NOT NULL,
  `remember_token` varchar(100) COLLATE utf8mb4_unicode_ci DEFAULT NULL,
  `created_at` timestamp NULL DEFAULT NULL,
  `updated_at` timestamp NULL DEFAULT NULL
) ENGINE=InnoDB DEFAULT CHARSET=utf8mb4 COLLATE=utf8mb4_unicode_ci;

--
-- Indexes for dumped tables
--

--
-- Indexes for table `anggota`
--
ALTER TABLE `anggota`
  ADD PRIMARY KEY (`ID_anggota`);

--
-- Indexes for table `buku`
--
ALTER TABLE `buku`
  ADD PRIMARY KEY (`ID_buku`),
  ADD KEY `fk1` (`ID_kategori`);

--
-- Indexes for table `kategori`
--
ALTER TABLE `kategori`
  ADD PRIMARY KEY (`ID_kategori`);

--
-- Indexes for table `migrations`
--
ALTER TABLE `migrations`
  ADD PRIMARY KEY (`id`);

--
-- Indexes for table `password_resets`
--
ALTER TABLE `password_resets`
  ADD KEY `password_resets_email_index` (`email`);

--
-- Indexes for table `peminjaman`
--
ALTER TABLE `peminjaman`
  ADD PRIMARY KEY (`ID_pinjam`),
  ADD KEY `fk_pinjam1` (`ID_buku`),
  ADD KEY `fk_pinjam2` (`ID_anggota`),
  ADD KEY `fk_pinjam3` (`ID_staff`);

--
-- Indexes for table `pustakawan`
--
ALTER TABLE `pustakawan`
  ADD PRIMARY KEY (`ID_staff`);

--
-- Indexes for table `users`
--
ALTER TABLE `users`
  ADD PRIMARY KEY (`id`),
  ADD UNIQUE KEY `users_email_unique` (`email`);

--
-- AUTO_INCREMENT for dumped tables
--

--
-- AUTO_INCREMENT for table `anggota`
--
ALTER TABLE `anggota`
  MODIFY `ID_anggota` int(11) UNSIGNED NOT NULL AUTO_INCREMENT, AUTO_INCREMENT=51;

--
-- AUTO_INCREMENT for table `buku`
--
ALTER TABLE `buku`
  MODIFY `ID_buku` int(11) UNSIGNED NOT NULL AUTO_INCREMENT, AUTO_INCREMENT=111;

--
-- AUTO_INCREMENT for table `kategori`
--
ALTER TABLE `kategori`
  MODIFY `ID_kategori` int(11) UNSIGNED NOT NULL AUTO_INCREMENT, AUTO_INCREMENT=23;

--
-- AUTO_INCREMENT for table `migrations`
--
ALTER TABLE `migrations`
  MODIFY `id` int(10) UNSIGNED NOT NULL AUTO_INCREMENT, AUTO_INCREMENT=9;

--
-- AUTO_INCREMENT for table `peminjaman`
--
ALTER TABLE `peminjaman`
  MODIFY `ID_pinjam` int(10) UNSIGNED NOT NULL AUTO_INCREMENT, AUTO_INCREMENT=1001;

--
-- AUTO_INCREMENT for table `pustakawan`
--
ALTER TABLE `pustakawan`
  MODIFY `ID_staff` int(11) UNSIGNED NOT NULL AUTO_INCREMENT, AUTO_INCREMENT=21;

--
-- AUTO_INCREMENT for table `users`
--
ALTER TABLE `users`
  MODIFY `id` bigint(20) UNSIGNED NOT NULL AUTO_INCREMENT;

--
-- Constraints for dumped tables
--

--
-- Constraints for table `buku`
--
ALTER TABLE `buku`
  ADD CONSTRAINT `fk1` FOREIGN KEY (`ID_kategori`) REFERENCES `kategori` (`ID_kategori`);

--
-- Constraints for table `peminjaman`
--
ALTER TABLE `peminjaman`
  ADD CONSTRAINT `fk_pinjam1` FOREIGN KEY (`ID_buku`) REFERENCES `buku` (`ID_buku`),
  ADD CONSTRAINT `fk_pinjam2` FOREIGN KEY (`ID_anggota`) REFERENCES `anggota` (`ID_anggota`),
  ADD CONSTRAINT `fk_pinjam3` FOREIGN KEY (`ID_staff`) REFERENCES `pustakawan` (`ID_staff`);
COMMIT;

/*!40101 SET CHARACTER_SET_CLIENT=@OLD_CHARACTER_SET_CLIENT */;
/*!40101 SET CHARACTER_SET_RESULTS=@OLD_CHARACTER_SET_RESULTS */;
/*!40101 SET COLLATION_CONNECTION=@OLD_COLLATION_CONNECTION */;
